_id,unique_id,estId,estName,address,inspectionStatus,inspectionDate,typeDesc,deficiencyDesc,actionDesc,OutcomeDate,OutcomeDesc,amountFined,latitude,longitude
17,b62a27092c29b9e9126aa9cd4abae38e,001Vo000013QjzHIAS,#DESI,65 Front St W Unit-442 M5J 1E6,Conditional Pass,2026-01-07,Fail to ensure food handler in food premise washes hands as necessary to prevent contamination of food - Sec. 33(1)(e),,,,,,43.645275,-79.380486
18,a5345953a48ce0aaf1cf39dc0cd8f08c,001Vo000013QjzHIAS,#DESI,65 Front St W Unit-442 M5J 1E6,Conditional Pass,2026-01-07,Store potentially hazardous foods at internal temperature between 4°C and 60°C - Sec. 27(1),,,,,,43.645275,-79.380486
19,c039e5ba4095e1320c7e5915fcc44c13,001Vo000013QjzHIAS,#DESI,65 Front St W Unit-442 M5J 1E6,Conditional Pass,2026-01-07,Fail to protect food from contamination or adulteration - Sec. 26(1),,,,,,43.645275,-79.380486
20,1dd80c7b4dea543ed2bb2b0d1bbf6ea3,001Vo000013QjzHIAS,#DESI,65 Front St W Unit-442 M5J 1E6,Conditional Pass,2026-01-07,SANITIZE UTENSILS IN CHLORINE SOLUTION OF LESS THAN 100 P.P.M. OF AVAILABLE CHLORINE - SEC. 19(B),,,,,,43.645275,-79.380486
662,3ff662dd39ec73a2533967619b9b747c,001Vo000013QiibIAC,241 PIZZA,142 Parliament St None M5A 2Z1,Conditional Pass,2024-09-04,Fail to protect against harbouring of pests - Sec. 13(1),,,,,,43.654602,-79.36402
663,9e3b25c92750ee33bef6d2f095676fb3,001Vo000013QiibIAC,241 PIZZA,142 Parliament St None M5A 2Z1,Conditional Pass,2024-09-04,FAIL TO MAINTAIN HANDWASHING STATIONS (LIQUID SOAP AND PAPER TOWELS) - SEC. 7(3)(C),,,,,,43.654602,-79.36402
864,42e5d31d3c158ab5d26a257a8624cf4a,001Vo000013R0GLIA0,3RD MOM HOT POT,261 Spadina Ave None M5T 2E3,Conditional Pass,2026-01-06,FAIL TO PROVIDE THERMOMETER IN REFRIGERATION EQUIPMENT - SEC. 30(B),,,,,,43.65236427,-79.3973577
865,99499ca44cabb5a017829930a1cebd9f,001Vo000013R0GLIA0,3RD MOM HOT POT,261 Spadina Ave None M5T 2E3,Conditional Pass,2026-01-06,Fail to ensure presence of food handler or supervisor during all hours of operation - Sec. 32,,,,,,43.65236427,-79.3973577
866,6aea765ce7ebda16e70587d1242286a8,001Vo000013R0GLIA0,3RD MOM HOT POT,261 Spadina Ave None M5T 2E3,Conditional Pass,2026-01-06,Fail to protect against harbouring of pests - Sec. 13(1),,,,,,43.65236427,-79.3973577
867,b2a0956d01a7fa790fba3a230b6450af,001Vo000013R0GLIA0,3RD MOM HOT POT,261 Spadina Ave None M5T 2E3,Conditional Pass,2026-01-06,OPERATE FOOD PREMISE - FAIL TO EQUIP SANITARY FACILITY WITH SOAP OR DETERGENT - SEC. 24(3)(D),,,,,,43.65236427,-79.3973577
975,6f71151d8f12975d3236da41f534e6ea,001Vo000013QCEHIA4,5 ELEMENTS ESPRESSO BAR,131 Avenue Rd None M5R 2H7,Conditional Pass,2024-08-28,Fail to protect against harbouring of pests - Sec. 13(1),,,,,,43.67379613,-79.39586679
976,25c46e419f5e985a5b2fe167d94b8822,001Vo000013QCEHIA4,5 ELEMENTS ESPRESSO BAR,131 Avenue Rd None M5R 2H7,Conditional Pass,2024-08-28,OPERATE FOOD PREMISE - MECHANICAL EQUIPMENT NOT MAINTAINED TO PROVIDE CLEAN WASH WATER - SEC. 20(1)(A)(I) ,,,,,,43.67379613,-79.39586679
977,76393d139f8e184fcb3a36cc98280ace,001Vo000013QCEHIA4,5 ELEMENTS ESPRESSO BAR,131 Avenue Rd None M5R 2H7,Conditional Pass,2024-08-28,Fail to protect food from contamination or adulteration - Sec. 26(1) ,,,,,,43.67379613,-79.39586679
978,65f828206069cb4375498a80cdc9c568,001Vo000013QCEHIA4,5 ELEMENTS ESPRESSO BAR,131 Avenue Rd None M5R 2H7,Conditional Pass,2024-08-28,FOOD PREMISE NOT MAINTAINED WITH FOOD HANDLING ROOM IN SANITARY CONDITION - SEC. 7(1)(E) ,,,,,,43.67379613,-79.39586679
980,59474383a986fb3cb0d0684436c2fb62,10811979,5 S BAKERY,"6 DENISON AVE, Unit-6 None M5T 2M4",Conditional Pass,2025-06-26,Fail to provide adequate number of handwashing stations - Sec. 7(3)(c)   ,,,,Pending,,43.64814,-79.40087
981,f4eb3c982564ca231561de2b1229c871,10811979,5 S BAKERY,"6 DENISON AVE, Unit-6 None M5T 2M4",Conditional Pass,2025-04-15,Operate food premise - fail to provide equipment for cleaning and sanitizing utensils as required - Sec. 18,,,,,,43.64814,-79.40087
982,3c6615db2136689f90ecaf9f463bb49d,10811979,5 S BAKERY,"6 DENISON AVE, Unit-6 None M5T 2M4",Conditional Pass,2025-04-15,Fail to provide adequate number of handwashing stations - Sec. 7(3)(c)   ,,,,,,43.64814,-79.40087
983,3eeb729d6a7a68bf280dd9a884fb9776,10811979,5 S BAKERY,"6 DENISON AVE, Unit-6 None M5T 2M4",Conditional Pass,2025-04-15,Fail to ensure presence of food handler or supervisor during all hours of operation - Sec. 32,,,,,,43.64814,-79.40087
1188,911c77d07f930a539b71aac1ca00d5ea,001Vo000013QkEFIA0,6IXDONUTZ,83 Portland St None M5V 2M9,Conditional Pass,2024-02-07,Fail to provide adequate number of handwashing stations - Sec. 7(3)(c)   ,,,,,,43.6441537,-79.39969888
1189,40a9c61c7f0c3a1339ae5d03d342a6da,001Vo000013QkEFIA0,6IXDONUTZ,83 Portland St None M5V 2M9,Conditional Pass,2024-02-07,SANITIZE UTENSILS IN CHLORINE SOLUTION OF LESS THAN 100 P.P.M. OF AVAILABLE CHLORINE - SEC. 19(B) ,,,,,,43.6441537,-79.39969888
1190,18dab8fe7eb77353bbc06196de1a8886,001Vo000013QkEFIA0,6IXDONUTZ,83 Portland St None M5V 2M9,Conditional Pass,2024-02-07,Fail to ensure presence of food handler or supervisor during all hours of operation - Sec. 32,,,,,,43.6441537,-79.39969888
1202,616067352f7f91cdebb88777189e95ec,10819895,6THIRTY COFFEE AND CO.,630 DANFORTH AVE None M4K 1R3,Conditional Pass,2024-09-09,Fail to ensure presence of food handler or supervisor during all hours of operation - Sec. 32,,,,,,43.67902,-79.34562
1203,6e2156b89aa87616c07ed10b06cd15d9,10819895,6THIRTY COFFEE AND CO.,630 DANFORTH AVE None M4K 1R3,Conditional Pass,2024-09-09,Fail to sanitize multi-service articles after use - Sec. 21(1),,,2024-11-18,Conviction - Fined,385,43.67902,-79.34562
1204,ad8b39f5f0fea30383bd8b05e332dfef,10819895,6THIRTY COFFEE AND CO.,630 DANFORTH AVE None M4K 1R3,Conditional Pass,2024-08-02,Fail to ensure presence of food handler or supervisor during all hours of operation - Sec. 32,,,,,,43.67902,-79.34562
1205,e63060d82770fe29a8f7576a59ca9cf5,10819895,6THIRTY COFFEE AND CO.,630 DANFORTH AVE None M4K 1R3,Conditional Pass,2024-08-02,FAIL TO PROVIDE THERMOMETER IN REFRIGERATION EQUIPMENT - SEC. 30(B)    ,,,,,,43.67902,-79.34562
1206,7d719542451dfa33818615222aeeb495,10819895,6THIRTY COFFEE AND CO.,630 DANFORTH AVE None M4K 1R3,Conditional Pass,2024-08-02,Fail to sanitize utensils as often as necessary - Sec. 21(2),,,,,,43.67902,-79.34562
1207,60a1aa749112ebf80d018c7e5830ee0e,10819895,6THIRTY COFFEE AND CO.,630 DANFORTH AVE None M4K 1R3,Conditional Pass,2024-08-02,Store ice in unsanitary manner - Sec.  26(5) ,,,,,,43.67902,-79.34562
1208,7c220e422173ece846baa415646cbcf8,10819895,6THIRTY COFFEE AND CO.,630 DANFORTH AVE None M4K 1R3,Conditional Pass,2024-08-02,Fail to protect against harbouring of pests - Sec. 13(1),,,,,,43.67902,-79.34562
1209,e536ecb0c89d3826e29ebc024bd56aea,10819895,6THIRTY COFFEE AND CO.,630 DANFORTH AVE None M4K 1R3,Conditional Pass,2024-08-02,Use handwashing station other than for handwashing of employees - Sec. 7(4),,,,,,43.67902,-79.34562
1210,3eba67f337c9e7e8e67fa6a09dd24b65,10819895,6THIRTY COFFEE AND CO.,630 DANFORTH AVE None M4K 1R3,Conditional Pass,2024-08-02,FAIL TO MAINTAIN SANITARY FACILITY IN ACCORDANCE WITH BUILDING CODE DESIGN REQUIREMENTS - SEC.  25(1)  ,,,,,,43.67902,-79.34562
1230,fb3c89e86202032fce021b0679b8f6c1,001Vo000013QkpGIAS,7 WEST CAFE,7 Charles St W None M4Y 1R4,Conditional Pass,2024-11-25,FOOD PREMISE NOT MAINTAINED WITH FOOD HANDLING ROOM IN SANITARY CONDITION - SEC. 7(1)(E) ,,,,,,43.66849727,-79.38669492
1231,7b8399052ef3791a61cd6209f0d8eb3d,001Vo000013QkpGIAS,7 WEST CAFE,7 Charles St W None M4Y 1R4,Conditional Pass,2024-11-25,USE UTENSILS NOT IN GOOD REPAIR - SEC. 8(1)(B) ,,,,,,43.66849727,-79.38669492
1232,24826f24879417e8e2040fc4dfcf0cd8,001Vo000013QkpGIAS,7 WEST CAFE,7 Charles St W None M4Y 1R4,Conditional Pass,2024-11-25,Store potentially hazardous foods at internal temperature between 4 C and 60 C - Sec. 27(1),,,,,,43.66849727,-79.38669492
1274,23af5e3391c6839a097b780bccd7577f,001Vo000013Qin0IAC,7-ELEVEN,372 Bay St None M5H 2W9,Conditional Pass,2025-11-07,Refrigerate potentially hazardous foods at internal temperature above 4 C - Sec. 30(a),,,,,,43.650936,-79.381485
1330,38d214eac3e89a4f3d1f35c268dd8b48,001Vo000013QhH0IAK,8 MILE PIZZA,9 Charles St W None M4Y 1R4,Conditional Pass,2025-10-10,Handwashing stations not conveniently accessible by food handlers - Sec. 7(3)(c)   ,,,,,,43.66848591,-79.38682036
1331,1226c18b3775d69b76bd943923a1a162,001Vo000013QhH0IAK,8 MILE PIZZA,9 Charles St W None M4Y 1R4,Conditional Pass,2025-10-10,SANITIZE UTENSILS USING AGENT FOR WHICH TEST REAGENT NOT READILY AVAILABLE - SEC. 19(E)(III) ,,,,,,43.66848591,-79.38682036
1332,9871dfc7081593ee3c9bfe4e3e031bc5,001Vo000013QhH0IAK,8 MILE PIZZA,9 Charles St W None M4Y 1R4,Conditional Pass,2025-10-10,Fail to maintain records of pest control measures taken - Sec. 13(2),,,,,,43.66848591,-79.38682036
1333,a4886d5e766d06804c33f32f54be1c0b,001Vo000013QhH0IAK,8 MILE PIZZA,9 Charles St W None M4Y 1R4,Conditional Pass,2025-10-10,FAIL TO REMOVE GARBAGE WHEN NECESSARY TO MAINTAIN SANITARY CONDITION - SEC. 12,,,,,,43.66848591,-79.38682036
1334,a3bfbcd22045c462f8e1337b1705d466,001Vo000013QhH0IAK,8 MILE PIZZA,9 Charles St W None M4Y 1R4,Conditional Pass,2025-10-10,FAIL TO ENSURE EQUIPMENT SURFACE SANITIZED AS NECESSARY - SEC. 22,,,,Pending,,43.66848591,-79.38682036
1335,80853143d1c1d775f24f7625aa5f8acd,001Vo000013QhH0IAK,8 MILE PIZZA,9 Charles St W None M4Y 1R4,Conditional Pass,2025-10-10,Fail to protect against harbouring of pests - Sec. 13(1),,,,,,43.66848591,-79.38682036
1336,965560e2044e913e4bdd28c9b8a31ce5,001Vo000013QhH0IAK,8 MILE PIZZA,9 Charles St W None M4Y 1R4,Conditional Pass,2025-10-10,Fail to protect against entry of pests - Sec. 13(1),,,,,,43.66848591,-79.38682036
1342,81e8a11ae1eeb742593f0b82e1d0b474,001Vo000013QhH0IAK,8 MILE PIZZA,9 Charles St W None M4Y 1R4,Conditional Pass,2024-05-14,FOOD PREMISE NOT MAINTAINED WITH FOOD HANDLING ROOM IN SANITARY CONDITION - SEC. 7(1)(E) ,,,,,,43.66848591,-79.38682036
1343,00f26449139c08ca150533d6fbcf667a,001Vo000013QhH0IAK,8 MILE PIZZA,9 Charles St W None M4Y 1R4,Conditional Pass,2024-05-14,Fail to clean multi-service articles after use - Sec. 21(1),,,,,,43.66848591,-79.38682036
1344,7f54fdb201d857bd4a4fee0d0bf9fc0f,001Vo000013QhH0IAK,8 MILE PIZZA,9 Charles St W None M4Y 1R4,Conditional Pass,2024-05-14,FAIL TO MAINTAIN HANDWASHING STATIONS (LIQUID SOAP AND PAPER TOWELS) - SEC. 7(3)(C),,,,,,43.66848591,-79.38682036
1345,19338779e48b94e30a5754a252b9a4c4,001Vo000013QhH0IAK,8 MILE PIZZA,9 Charles St W None M4Y 1R4,Conditional Pass,2024-05-14,Fail to protect food from contamination or adulteration - Sec. 26(1) ,,,,,,43.66848591,-79.38682036
1346,d2ae04112ea2d11bc7fbe57e592f9e85,001Vo000013QhH0IAK,8 MILE PIZZA,9 Charles St W None M4Y 1R4,Conditional Pass,2024-05-14,Use food equipment not in good repair - Sec.  8(1)(b)  ,,,,,,43.66848591,-79.38682036
1415,cb8e3b5732f9b1bc15e063644fda366b,001Vo000013QnM5IAK,915 DUPONT CAFE,915 Dupont St None M6H 1Z1,Conditional Pass,2024-06-25,Use handwashing station other than for handwashing of employees - Sec. 7(4),,,,,,43.66999483,-79.42984916
1416,bdbb800bb0c742ba413771ae018e7590,001Vo000013QnM5IAK,915 DUPONT CAFE,915 Dupont St None M6H 1Z1,Conditional Pass,2024-06-25,FAIL TO MAINTAIN HANDWASHING STATIONS (LIQUID SOAP AND PAPER TOWELS) - SEC. 7(3)(C),,,,,,43.66999483,-79.42984916
1417,6d2d8157835ab8b1dc77d47c3f999cd4,001Vo000013QnM5IAK,915 DUPONT CAFE,915 Dupont St None M6H 1Z1,Conditional Pass,2024-06-25,Fail to protect food from contamination or adulteration - Sec. 26(1) ,,,,,,43.66999483,-79.42984916
1636,f8b3af0e2817fade8acba29db7417a43,001Vo000013QmhwIAC,A & W,85 Front St E None M5E 1B8,Conditional Pass,2024-09-03,FAIL TO PROVIDE THERMOMETER IN REFRIGERATION EQUIPMENT - SEC. 30(B)    ,,,,,,43.64899,-79.37235
1637,f5d3b16ce7731eec4de89a204759a2a1,001Vo000013QmhwIAC,A & W,85 Front St E None M5E 1B8,Conditional Pass,2024-09-03,FOOD PREMISE NOT MAINTAINED WITH FOOD HANDLING ROOM IN SANITARY CONDITION - SEC. 7(1)(E) ,,,,,,43.64899,-79.37235
1638,1935e4044387ff18eddbfe5feb3782f8,001Vo000013QmhwIAC,A & W,85 Front St E None M5E 1B8,Conditional Pass,2024-09-03,FAIL TO REMOVE GARBAGE WHEN NECESSARY TO MAINTAIN SANITARY CONDITION - SEC. 12,,,,,,43.64899,-79.37235
1639,a8824bd414f120b91685d6dcb73cebcf,001Vo000013QmhwIAC,A & W,85 Front St E None M5E 1B8,Conditional Pass,2024-09-03,FOOD PREMISE NOT MAINTAINED WITH CLEAN FLOORS IN FOOD-HANDLING ROOM - SEC. 7(1)(G)  ,,,,,,43.64899,-79.37235
1640,0ca836f97425411f0c6d123c8f0f0d1b,001Vo000013QmhwIAC,A & W,85 Front St E None M5E 1B8,Conditional Pass,2024-09-03,FOOD PREMISE NOT MAINTAINED WITH CLEAN WALLS IN FOOD-HANDLING ROOM - SEC. 7(1)(G)  ,,,,,,43.64899,-79.37235
1641,8cb575e80560ecb10cccc54e8d49296a,001Vo000013QmhwIAC,A & W,85 Front St E None M5E 1B8,Conditional Pass,2024-09-03,Fail to protect against breeding of pests - Sec. 13(1),,,,,,43.64899,-79.37235
1642,2b593fa5e63e238f38d534be2f3d14fc,001Vo000013QmhwIAC,A & W,85 Front St E None M5E 1B8,Conditional Pass,2024-09-03,Fail to protect against harbouring of pests - Sec. 13(1),,,,,,43.64899,-79.37235
1643,dd40cb3380e70e9da5c65129b8012039,001Vo000013QmhwIAC,A & W,85 Front St E None M5E 1B8,Conditional Pass,2024-09-03,FAIL TO ENSURE FACILITY SURFACE CLEANED AS NECESSARY - SEC. 22,,,,,,43.64899,-79.37235
1644,3f2a4afdf4bf9de08d618babb52c0ebb,001Vo000013QmhwIAC,A & W,85 Front St E None M5E 1B8,Conditional Pass,2024-09-03,OPERATE FOOD PREMISE - FAIL TO EQUIP SANITARY FACILITY WITH TOILET PAPER - SEC. 25(3)(B)  ,,,,,,43.64899,-79.37235
1723,dc20af91abec7139df49f1db6c14d2f0,001Vo000013QhRaIAK,A BBQ HOUSE,664 Yonge St None M4Y 2A6,Conditional Pass,2026-04-23,Fail to protect food from contamination or adulteration - Sec. 26(1),,,,,,43.66708996,-79.38569331
1724,3c179416d1f4d031bcf319ff31a08e6e,001Vo000013QhRaIAK,A BBQ HOUSE,664 Yonge St None M4Y 2A6,Conditional Pass,2026-04-23,FOOD PREMISE NOT MAINTAINED WITH CLEAN WALLS IN FOOD-HANDLING ROOM - SEC. 7(1)(G),,,,,,43.66708996,-79.38569331
1725,8557500a803fa8d0639883f3ce2a245a,001Vo000013QhRaIAK,A BBQ HOUSE,664 Yonge St None M4Y 2A6,Conditional Pass,2026-04-23,Fail to protect against harbouring of pests - Sec. 13(1),,,,,,43.66708996,-79.38569331
1726,1e3d0897f8d776dbe09e7dc8fc1270b8,001Vo000013QhRaIAK,A BBQ HOUSE,664 Yonge St None M4Y 2A6,Conditional Pass,2026-04-23,Fail to clean multi-service articles after use - Sec. 21(1),,,,,,43.66708996,-79.38569331
1732,b342b905913b6aad47ec9eb5f86e6d1b,001Vo000013QhRaIAK,A BBQ HOUSE,664 Yonge St None M4Y 2A6,Conditional Pass,2024-10-11,FAIL TO REMOVE GARBAGE WHEN NECESSARY TO MAINTAIN SANITARY CONDITION - SEC. 12,,,,,,43.66708996,-79.38569331
1733,cc0ab3873f726dced8e7d7ec14ad613f,001Vo000013QhRaIAK,A BBQ HOUSE,664 Yonge St None M4Y 2A6,Conditional Pass,2024-10-11,Store ice in unsanitary manner - Sec.  26(5) ,,,,,,43.66708996,-79.38569331
1734,cdfdccb3903baea16950c047f1f8f6a6,001Vo000013QhRaIAK,A BBQ HOUSE,664 Yonge St None M4Y 2A6,Conditional Pass,2024-10-11,FOOD PREMISE NOT MAINTAINED WITH FOOD HANDLING ROOM IN SANITARY CONDITION - SEC. 7(1)(E) ,,,,,,43.66708996,-79.38569331
1735,01a42267972016937a6eff653b474156,001Vo000013QhRaIAK,A BBQ HOUSE,664 Yonge St None M4Y 2A6,Conditional Pass,2024-10-11,OPERATE FOOD PREMISE - FAIL TO KEEP SANITARY FACILITY SANITARY - SEC. 25(2),,,,,,43.66708996,-79.38569331
1736,1d609e4fc61f35652a98fdd280e37cb4,001Vo000013QhRaIAK,A BBQ HOUSE,664 Yonge St None M4Y 2A6,Conditional Pass,2024-10-11,Fail to protect food from contamination or adulteration - Sec. 26(1) ,,,,,,43.66708996,-79.38569331
1739,a6fd520bbd5c20a2abea20f151fb3caa,001Vo000013QhRaIAK,A BBQ HOUSE,664 Yonge St None M4Y 2A6,Conditional Pass,2024-05-09,FOOD PREMISE NOT MAINTAINED WITH FOOD HANDLING ROOM IN SANITARY CONDITION - SEC. 7(1)(E) ,,,,Pending,,43.66708996,-79.38569331
1740,c67461bf658a39d9c52e25bfa3e36c34,001Vo000013QhRaIAK,A BBQ HOUSE,664 Yonge St None M4Y 2A6,Conditional Pass,2024-05-09,FAIL TO POST INSPECTION RESULTS IN ACCORDANCE WITH INSPECTOR'S REQUEST - SEC. 6,,,,Pending,,43.66708996,-79.38569331
1741,29f9770de32775aee8333c23a66009ca,001Vo000013QhRaIAK,A BBQ HOUSE,664 Yonge St None M4Y 2A6,Conditional Pass,2024-05-09,Fail to sanitize multi-service articles after use - Sec. 21(1),,,,Pending,,43.66708996,-79.38569331
1742,77afafaaf24ed6091df686e4623a452a,001Vo000013QhRaIAK,A BBQ HOUSE,664 Yonge St None M4Y 2A6,Conditional Pass,2024-05-09,Fail to protect against harbouring of pests - Sec. 13(1),,,,Pending,,43.66708996,-79.38569331
1743,7b272a4d0a72659aba215caf7abbf925,001Vo000013QhRaIAK,A BBQ HOUSE,664 Yonge St None M4Y 2A6,Conditional Pass,2024-05-09,FAIL TO MAINTAIN HANDWASHING STATIONS (LIQUID SOAP AND PAPER TOWELS) - SEC. 7(3)(C),,,,Pending,,43.66708996,-79.38569331
1744,a8d0ca5f9dac3706f75a7a1eb3cc5cc8,001Vo000013QhRaIAK,A BBQ HOUSE,664 Yonge St None M4Y 2A6,Conditional Pass,2024-05-06,FOOD PREMISE NOT MAINTAINED WITH FOOD HANDLING ROOM IN SANITARY CONDITION - SEC. 7(1)(E) ,,,,,,43.66708996,-79.38569331
1745,58945b8abec44c08d7212b50063ec52e,001Vo000013QhRaIAK,A BBQ HOUSE,664 Yonge St None M4Y 2A6,Conditional Pass,2024-05-06,Fail to protect food from contamination or adulteration - Sec. 26(1) ,,,,,,43.66708996,-79.38569331
1746,d86027e256a42cad53e7c9fe9215fbd3,001Vo000013QhRaIAK,A BBQ HOUSE,664 Yonge St None M4Y 2A6,Conditional Pass,2024-05-06,FAIL TO ENSURE EQUIPMENT SURFACE SANITIZED AS NECESSARY - SEC. 22,,,,,,43.66708996,-79.38569331
1747,2091568e1e491474375bdb8a38f2ecb2,001Vo000013QhRaIAK,A BBQ HOUSE,664 Yonge St None M4Y 2A6,Conditional Pass,2024-05-06,Fail to sanitize multi-service articles after use - Sec. 21(1),,,,,,43.66708996,-79.38569331
1748,1ab145c98fbed09a3999e8e3a74e6cf1,001Vo000013QhRaIAK,A BBQ HOUSE,664 Yonge St None M4Y 2A6,Conditional Pass,2024-05-06,Fail to protect against harbouring of pests - Sec. 13(1),,,,,,43.66708996,-79.38569331
1749,f352d90e7663f0657782970ebdd40fd5,001Vo000013QhRaIAK,A BBQ HOUSE,664 Yonge St None M4Y 2A6,Conditional Pass,2024-05-06,FAIL TO MAINTAIN HANDWASHING STATIONS (LIQUID SOAP AND PAPER TOWELS) - SEC. 7(3)(C),,,,,,43.66708996,-79.38569331
1908,83840f15abc73acae97a64d0e21c6a95,001Vo000013QUIxIAO,A&W,875 Queen St E Unit-106 M4M 1J2,Conditional Pass,2025-02-12,FOOD PREMISE NOT MAINTAINED TO KEEP FOOD-HANDLING ROOM FREE FROM MATERIALS NOT REGULARLY USED - SEC. 7(1)(F) ,,,,,,43.66013791,-79.34307998
1909,515d45dc9522361faef992cf87315cbc,001Vo000013QUIxIAO,A&W,875 Queen St E Unit-106 M4M 1J2,Conditional Pass,2025-02-12,Fail to protect against breeding of pests - Sec. 13(1),,,,,,43.66013791,-79.34307998
1910,c8c52136517e3aa75b2fcf4afde8822c,001Vo000013QUIxIAO,A&W,875 Queen St E Unit-106 M4M 1J2,Conditional Pass,2025-02-12,FOOD PREMISE NOT MAINTAINED WITH CLEAN WALLS IN FOOD-HANDLING ROOM - SEC. 7(1)(G)  ,,,,,,43.66013791,-79.34307998
1911,5d9575fb39c78ba29960872711ecbf44,001Vo000013QUIxIAO,A&W,875 Queen St E Unit-106 M4M 1J2,Conditional Pass,2025-02-12,Fail to ensure equipment surface cleaned as necessary - Sec. 22,,,,,,43.66013791,-79.34307998
1912,fa40c1be6c3fed3bf43009d762b9902a,001Vo000013QUIxIAO,A&W,875 Queen St E Unit-106 M4M 1J2,Conditional Pass,2025-02-12,FOOD PREMISE NOT MAINTAINED WITH CLEAN FLOORS IN FOOD-HANDLING ROOM - SEC. 7(1)(G)  ,,,,,,43.66013791,-79.34307998
1945,56b11dcfdc320d8b9324afb8bae8367a,001Vo000013QhF4IAK,A&W,500 Bloor St W None M5S 1Y3,Conditional Pass,2024-02-08,Fail to provide hot and cold running water in food preparation area - Sec. 7(3)(b)  ,,,,,,43.66525,-79.410645
1946,aebece5f8216ada4b53c24114cfb06f1,001Vo000013QhF4IAK,A&W,500 Bloor St W None M5S 1Y3,Conditional Pass,2024-02-08,FOOD PREMISE NOT MAINTAINED WITH FOOD HANDLING ROOM IN SANITARY CONDITION - SEC. 7(1)(E) ,,,,,,43.66525,-79.410645
1947,c37eb101478f5ba0540ea94647ba532d,001Vo000013QhF4IAK,A&W,500 Bloor St W None M5S 1Y3,Conditional Pass,2024-02-08,Maintain potentially hazardous foods at internal temperature between 4 C and 60 C -  Sec. 27(1),,,,,,43.66525,-79.410645
1948,230f00ed3f3459976e4ef7ad187885e3,001Vo000013QhF4IAK,A&W,500 Bloor St W None M5S 1Y3,Conditional Pass,2024-02-08,Fail to provide handwashing stations with adequate supplies (hot and cold water) - Sec. 7(3)(c),,,,,,43.66525,-79.410645
2009,df89871de6653be2d5e25c9dff64fba9,001Vo000013QnTTIA0,A1 STONE POT,409 Spadina Ave None M5T 2G6,Conditional Pass,2025-12-11,FAIL TO ENSURE EQUIPMENT SURFACE SANITIZED AS NECESSARY - SEC. 22,,,,,,43.65685,-79.39949
2010,b58ad9810285102b71564e6714107088,001Vo000013QnTTIA0,A1 STONE POT,409 Spadina Ave None M5T 2G6,Conditional Pass,2025-12-11,Fail to protect against harbouring of pests - Sec. 13(1),,,,,,43.65685,-79.39949
2011,7b7ab4dbdd3da1b6df25c1cd27421bd4,001Vo000013QnTTIA0,A1 STONE POT,409 Spadina Ave None M5T 2G6,Conditional Pass,2025-12-11,Fail to protect against entry of pests - Sec. 13(1),,,,,,43.65685,-79.39949
2012,5f399529b460cff9077c590dc8f307a5,001Vo000013QnTTIA0,A1 STONE POT,409 Spadina Ave None M5T 2G6,Conditional Pass,2025-12-11,FAIL TO PROVIDE REQUIRED ILLUMINATION DURING ALL HOURS OF OPERATION - SEC. 10,,,,,,43.65685,-79.39949
2013,c04d2858f0c616221dc0b68721d1f383,001Vo000013QnTTIA0,A1 STONE POT,409 Spadina Ave None M5T 2G6,Conditional Pass,2025-12-11,Fail to protect food from contamination or adulteration - Sec. 26(1),,,,,,43.65685,-79.39949
2030,151a8e08b8362238ac242154baf23e17,001Vo000013QnzYIAS,AAHA! TRULY SOUTH,250 Dundas St W None M5T 2Z5,Conditional Pass,2026-02-27,Fail to ensure presence of food handler or supervisor during all hours of operation - Sec. 32,,,,,,43.65466,-79.38927
2031,6df14709fc4325fd122abfb1e415d988,001Vo000013QnzYIAS,AAHA! TRULY SOUTH,250 Dundas St W None M5T 2Z5,Conditional Pass,2026-02-27,Fail to provide handwashing stations with adequate supplies (hot and cold water) - Sec. 7(3)(c),,,,,,43.65466,-79.38927
2032,bef8b7bb4bfcebf7c3fb908155cee1ac,001Vo000013QnzYIAS,AAHA! TRULY SOUTH,250 Dundas St W None M5T 2Z5,Conditional Pass,2026-02-27,FAIL TO PROVIDE THERMOMETER IN REFRIGERATION EQUIPMENT - SEC. 30(B),,,,,,43.65466,-79.38927
2033,a23135e76142d54f1f08f56b1aaa3ab8,001Vo000013QnzYIAS,AAHA! TRULY SOUTH,250 Dundas St W None M5T 2Z5,Conditional Pass,2026-02-27,Food premise not maintained with walls in good repair in food-handling room - Sec. 7(1)(g),,,,,,43.65466,-79.38927
2034,55abd1fcb7761b92a27c7ca014afc66c,001Vo000013QnzYIAS,AAHA! TRULY SOUTH,250 Dundas St W None M5T 2Z5,Conditional Pass,2026-02-27,FAIL TO ENSURE EQUIPMENT SURFACE SANITIZED AS NECESSARY - SEC. 22,,,,,,43.65466,-79.38927
2035,5068eda2e19a9e65d62868fb2b7caa43,001Vo000013QnzYIAS,AAHA! TRULY SOUTH,250 Dundas St W None M5T 2Z5,Conditional Pass,2026-02-27,FOOD PREMISE NOT MAINTAINED WITH CLEAN FLOORS IN FOOD-HANDLING ROOM - SEC. 7(1)(G),,,,,,43.65466,-79.38927
2165,50257438016296723a06385e3332e35d,001Vo000013QhXYIA0,ABRIELLE,355 King St W None M5V 1J6,Conditional Pass,2026-04-08,No license available at time of inspection. A referral has been made to Municipal Licensing and Standards.,,,,,,43.64593057,-79.39194357
2166,569f3dcf222a53b5f0026f99208d44d8,001Vo000013QhXYIA0,ABRIELLE,355 King St W None M5V 1J6,Conditional Pass,2026-04-08,SANITIZE UTENSILS IN CHLORINE SOLUTION OF LESS THAN 100 P.P.M. OF AVAILABLE CHLORINE - SEC. 19(B),,,,,,43.64593057,-79.39194357
2167,442fd774e1cdb53988eea8df2d08d446,001Vo000013QhXYIA0,ABRIELLE,355 King St W None M5V 1J6,Conditional Pass,2026-04-08,FAIL TO ENSURE EQUIPMENT SURFACE SANITIZED AS NECESSARY - SEC. 22,,,,,,43.64593057,-79.39194357
2168,736beeccaf862b14569446643067a8c9,001Vo000013QhXYIA0,ABRIELLE,355 King St W None M5V 1J6,Conditional Pass,2026-04-08,Fail to protect against harbouring of pests - Sec. 13(1),,,,,,43.64593057,-79.39194357
2169,cb623b79ffd66c1031b940e6f0018b9b,001Vo000013QhXYIA0,ABRIELLE,355 King St W None M5V 1J6,Conditional Pass,2026-04-08,Fail to protect against entry of pests - Sec. 13(1),,,,,,43.64593057,-79.39194357
2170,cde475df4184769ffa5f4fff69817c33,001Vo000013QhXYIA0,ABRIELLE,355 King St W None M5V 1J6,Conditional Pass,2026-04-08,FOOD PREMISE NOT MAINTAINED WITH CLEAN FLOORS IN FOOD-HANDLING ROOM - SEC. 7(1)(G),,,,,,43.64593057,-79.39194357
2382,c0fb4ad146e152b41c0a344d51bce103,001Vo000013QOqqIAG,ADELAIDE RESOURCE CENTRE FOR WOMEN,67 Adelaide St E None M5C 1K6,Conditional Pass,2025-03-25,Fail to protect food from contamination or adulteration - Sec. 26(1) ,,,,,,43.65090425,-79.37518649
2383,6703c57b5b6bf84b8ab3937c60bbd4f1,001Vo000013QOqqIAG,ADELAIDE RESOURCE CENTRE FOR WOMEN,67 Adelaide St E None M5C 1K6,Conditional Pass,2025-03-25,OPERATE FOOD PREMISE - MECHANICAL EQUIPMENT NOT MAINTAINED TO MAINTAIN RINSE WATER AT 82 C - SEC. 20(1)(A)(II)(A) ,,,,,,43.65090425,-79.37518649
2384,d7e568ca9a3bcfe92f88e7b0c5e294f8,001Vo000013QOqqIAG,ADELAIDE RESOURCE CENTRE FOR WOMEN,67 Adelaide St E None M5C 1K6,Conditional Pass,2025-03-25,FOOD PREMISE NOT MAINTAINED WITH FOOD HANDLING ROOM IN SANITARY CONDITION - SEC. 7(1)(E) ,,,,,,43.65090425,-79.37518649
2385,d384b5d6177fb4784b0f847e0af114b6,001Vo000013QOqqIAG,ADELAIDE RESOURCE CENTRE FOR WOMEN,67 Adelaide St E None M5C 1K6,Conditional Pass,2025-03-25,Fail to protect against harbouring of pests - Sec. 13(1),,,,,,43.65090425,-79.37518649
2438,9a97c9ee8828231962c0dd402498d379,001Vo000013Qo3gIAC,ADOBO FRESH BURRITOS,388 Richmond St W Unit-5A M5V 3P1,Conditional Pass,2025-06-27,FAIL TO REMOVE GARBAGE WHEN NECESSARY TO MAINTAIN SANITARY CONDITION - SEC. 12,,,,,,43.6481,-79.39486
2439,31112205edfa9687053dca0784564c16,001Vo000013Qo3gIAC,ADOBO FRESH BURRITOS,388 Richmond St W Unit-5A M5V 3P1,Conditional Pass,2025-06-27,FAIL TO MAINTAIN HANDWASHING STATIONS (LIQUID SOAP AND PAPER TOWELS) - SEC. 7(3)(C),,,,,,43.6481,-79.39486
2440,0cdec1cde2fc67d72f24dcbef3bdbbb6,001Vo000013Qo3gIAC,ADOBO FRESH BURRITOS,388 Richmond St W Unit-5A M5V 3P1,Conditional Pass,2025-06-27,Maintain potentially hazardous foods at internal temperature between 4 C and 60 C -  Sec. 27(1),,,,,,43.6481,-79.39486
2441,bbbf3a063ab4d3ff05265675a6037457,001Vo000013Qo3gIAC,ADOBO FRESH BURRITOS,388 Richmond St W Unit-5A M5V 3P1,Conditional Pass,2025-06-27,FOOD PREMISE NOT MAINTAINED WITH CLEAN WALLS IN FOOD-HANDLING ROOM - SEC. 7(1)(G)  ,,,,,,43.6481,-79.39486
2442,173340faa4af04e6e25017513eb36f90,001Vo000013Qo3gIAC,ADOBO FRESH BURRITOS,388 Richmond St W Unit-5A M5V 3P1,Conditional Pass,2025-06-27,FOOD PREMISE NOT MAINTAINED WITH CLEAN FLOORS IN FOOD-HANDLING ROOM - SEC. 7(1)(G)  ,,,,,,43.6481,-79.39486
2443,b0a5742306da8d9614af44d48669ab32,001Vo000013Qo3gIAC,ADOBO FRESH BURRITOS,388 Richmond St W Unit-5A M5V 3P1,Conditional Pass,2025-06-27,SANITIZE UTENSILS IN CHLORINE SOLUTION OF LESS THAN 100 P.P.M. OF AVAILABLE CHLORINE - SEC. 19(B) ,,,,,,43.6481,-79.39486
2473,523edbb79a6aaa5e96e1b572aee459bc,001Vo000013Qhe5IAC,ADRAK YORKVILLE,138 Avenue Rd None M5R 2H6,Conditional Pass,2023-11-30,FAIL TO ENSURE FOOD HANDLER IN FOOD PREMISE PROTECTS AGAINST CONTAMINATION BY HAIR - SEC.  33(1)(D),,,,,,43.674427,-79.396545
2474,7bc660cf15f2aa395ff0e1d5e1daedd6,001Vo000013Qhe5IAC,ADRAK YORKVILLE,138 Avenue Rd None M5R 2H6,Conditional Pass,2023-11-30,FOOD PREMISE NOT MAINTAINED WITH FOOD HANDLING ROOM IN SANITARY CONDITION - SEC. 7(1)(E) ,,,,,,43.674427,-79.396545
2475,f3000da282f4ed40d4b585aea39a0bdb,001Vo000013Qhe5IAC,ADRAK YORKVILLE,138 Avenue Rd None M5R 2H6,Conditional Pass,2023-11-30,Fail to protect against harbouring of pests - Sec. 13(1),,,,,,43.674427,-79.396545
2617,0bf6968b53f3b6347266b569953b488f,001Vo000013QiIPIA0,AFRICAN FOOD & PRODUCTS / TICANA,440 Dundas St E None M5A 2A8,Conditional Pass,2026-04-30,Fail to obtain food from source subject to inspection - Sec. 29(1),,,,,,43.659363,-79.36636
2618,a7f435c5fc7a8a067628ff6e1bc1a1cc,001Vo000013QiIPIA0,AFRICAN FOOD & PRODUCTS / TICANA,440 Dundas St E None M5A 2A8,Conditional Pass,2026-04-30,Have on food premise meat not labelled - Sec. 38(1),,,,,,43.659363,-79.36636
2619,78350f24c6423f607844d4dbd45cf4ce,001Vo000013QiIPIA0,AFRICAN FOOD & PRODUCTS / TICANA,440 Dundas St E None M5A 2A8,Conditional Pass,2026-04-30,Fail to maintain records of food purchased for one year - Sec. 29(2),,,,,,43.659363,-79.36636
2620,f064a165b3aaf3c6790f77fa9f37a29a,001Vo000013QiIPIA0,AFRICAN FOOD & PRODUCTS / TICANA,440 Dundas St E None M5A 2A8,Conditional Pass,2026-04-30,Fail to protect food from contamination or adulteration - Sec. 26(1),,,,,,43.659363,-79.36636
2621,920bcd8761b2420c1b31d6111f4019ff,001Vo000013QiIPIA0,AFRICAN FOOD & PRODUCTS / TICANA,440 Dundas St E None M5A 2A8,Conditional Pass,2026-04-30,FAIL TO MAINTAIN HANDWASHING STATIONS (LIQUID SOAP AND PAPER TOWELS) - SEC. 7(3)(C),,,,,,43.659363,-79.36636
2622,2479553b077a5628f2bb6576014846c4,001Vo000013QiIPIA0,AFRICAN FOOD & PRODUCTS / TICANA,440 Dundas St E None M5A 2A8,Conditional Pass,2026-04-30,FOOD PREMISE NOT MAINTAINED WITH FOOD HANDLING ROOM IN SANITARY CONDITION - SEC. 7(1)(E),,,,,,43.659363,-79.36636
2623,cdde5221a4ebcbbfee4abd07b2cf429d,001Vo000013QiIPIA0,AFRICAN FOOD & PRODUCTS / TICANA,440 Dundas St E None M5A 2A8,Conditional Pass,2026-04-30,Fail to ensure presence of food handler or supervisor during all hours of operation - Sec. 32,,,,,,43.659363,-79.36636
2624,cbf2acb76433e46dd46e06c81cebb261,001Vo000013QiIPIA0,AFRICAN FOOD & PRODUCTS / TICANA,440 Dundas St E None M5A 2A8,Conditional Pass,2026-04-30,Fail to retain records of pest control measures taken for one year - Sec. 13(2),,,,,,43.659363,-79.36636
14,30742ff40df45edb96c9ac55cd045ad8,001Vo000013QjzHIAS,#DESI,65 Front St W Unit-442 M5J 1E6,Pass,2026-05-14,Operate food premise - appliances not constructed to permit maintenance in sanitary condition - Sec. 9,,,,,,43.645275,-79.380486
15,978d8d9d2327c5b51a1dd3217af96662,001Vo000013QjzHIAS,#DESI,65 Front St W Unit-442 M5J 1E6,Pass,2026-05-14,FOOD PREMISE NOT MAINTAINED WITH CLEAN FLOORS IN FOOD-HANDLING ROOM - SEC. 7(1)(G),,,,,,43.645275,-79.380486
16,8bf222d306047d69bfa281d0c8d3bfd3,001Vo000013QjzHIAS,#DESI,65 Front St W Unit-442 M5J 1E6,Pass,2026-01-09,,,,,,,43.645275,-79.380486
21,aa660aabbdfb717b2134d513c397645a,001Vo000013QjzHIAS,#DESI,65 Front St W Unit-442 M5J 1E6,Pass,2025-08-05,FOOD PREMISE NOT MAINTAINED WITH CLEAN FLOORS IN FOOD-HANDLING ROOM - SEC. 7(1)(G)  ,,,,,,43.645275,-79.380486
22,8779b7e98ed5941396d888d96ed33d7a,001Vo000013QjzHIAS,#DESI,65 Front St W Unit-442 M5J 1E6,Pass,2025-08-05,FAIL TO MAINTAIN HANDWASHING STATIONS (LIQUID SOAP AND PAPER TOWELS) - SEC. 7(3)(C),,,,,,43.645275,-79.380486
23,3fe87227c1d5d0e6a3150cdd6a5d2946,001Vo000013QjzHIAS,#DESI,65 Front St W Unit-442 M5J 1E6,Pass,2025-01-10,Use shelves not of readily cleanable design - Sec. 31,,,,,,43.645275,-79.380486
24,1562f837f3baa2dd56acede15f3870e5,001Vo000013QjzHIAS,#DESI,65 Front St W Unit-442 M5J 1E6,Pass,2025-01-10,FAIL TO MAINTAIN HANDWASHING STATIONS (LIQUID SOAP AND PAPER TOWELS) - SEC. 7(3)(C),,,,,,43.645275,-79.380486
25,baa1bb904ec5bea4cf712929883d1b7f,001Vo000013QjzHIAS,#DESI,65 Front St W Unit-442 M5J 1E6,Pass,2025-01-10,FOOD PREMISE NOT MAINTAINED WITH FOOD HANDLING ROOM IN SANITARY CONDITION - SEC. 7(1)(E) ,,,,,,43.645275,-79.380486
26,dfaff8756da1c9b33d1fd47d0216949c,001Vo000013QjzHIAS,#DESI,65 Front St W Unit-442 M5J 1E6,Pass,2025-01-10,FAIL TO PROVIDE THERMOMETER IN REFRIGERATION EQUIPMENT - SEC. 30(B)    ,,,,,,43.645275,-79.380486
27,a030a4e747262bfe7ff9b5ca6989ca5e,001Vo000013QjzHIAS,#DESI,65 Front St W Unit-442 M5J 1E6,Pass,2024-09-06,FAIL TO MAINTAIN HANDWASHING STATIONS (LIQUID SOAP AND PAPER TOWELS) - SEC. 7(3)(C),,,,,,43.645275,-79.380486
28,2aaa7eae9b35f8083be63b551226efc1,001Vo000013QjzHIAS,#DESI,65 Front St W Unit-442 M5J 1E6,Pass,2024-09-06,FOOD PREMISE NOT MAINTAINED WITH CLEAN FLOORS IN FOOD-HANDLING ROOM - SEC. 7(1)(G)  ,,,,,,43.645275,-79.380486
29,50adcbb60715adba8dde550181c3fba9,001Vo000013QjzHIAS,#DESI,65 Front St W Unit-442 M5J 1E6,Pass,2024-09-06,FOOD PREMISE NOT MAINTAINED WITH CLEAN WALLS IN FOOD-HANDLING ROOM - SEC. 7(1)(G)  ,,,,,,43.645275,-79.380486
30,9be1c232d06c7285f9f40f4fa88cda56,001Vo000013QjzHIAS,#DESI,65 Front St W Unit-442 M5J 1E6,Pass,2024-05-03,FOOD PREMISE NOT MAINTAINED WITH CLEAN FLOORS IN FOOD-HANDLING ROOM - SEC. 7(1)(G)  ,,,,,,43.645275,-79.380486
31,ce8f3915225fde341b968a0aa9aa8c79,001Vo000013QjzHIAS,#DESI,65 Front St W Unit-442 M5J 1E6,Pass,2024-05-03,FOOD PREMISE NOT MAINTAINED WITH CLEAN WALLS IN FOOD-HANDLING ROOM - SEC. 7(1)(G)  ,,,,,,43.645275,-79.380486
32,d6b83968d597f037799eb07945d261f1,001Vo000013QjzHIAS,#DESI,65 Front St W Unit-442 M5J 1E6,Pass,2024-03-04,,,,,,,43.645275,-79.380486
33,f095bbe09965c7fb3c6610a963141ccb,001Vo000013QnGyIAK,000 BLUEPRINT CLUB,1 Blue Jays Way None M5V 1J4,Pass,2026-04-22,,,,,,,43.64168,-79.39012
34,19bceed158915ab1d581f89902d7a7ac,001Vo000013QnGyIAK,000 BLUEPRINT CLUB,1 Blue Jays Way None M5V 1J4,Pass,2025-10-20,,,,,,,43.64168,-79.39012
35,c01f40408d1c8115d61035f32ff9a7b4,001Vo000013QnGyIAK,000 BLUEPRINT CLUB,1 Blue Jays Way None M5V 1J4,Pass,2025-06-05,,,,,,,43.64168,-79.39012
36,ea2446ed4ccdc633f19f3c4001bffb82,001Vo000013QnGyIAK,000 BLUEPRINT CLUB,1 Blue Jays Way None M5V 1J4,Pass,2024-07-11,,,,,,,43.64168,-79.39012
37,902d66ff0dad672aadb60440d22b5e50,001Vo000013QnH0IAK,000 CLOVER BANNER CLUB KITCHEN,1 Blue Jays Way None M5V 1J4,Pass,2026-03-13,,,,,,,43.64168,-79.39012
38,f823431461c6bb94e4351d63d406801a,001Vo000013QnH0IAK,000 CLOVER BANNER CLUB KITCHEN,1 Blue Jays Way None M5V 1J4,Pass,2025-10-20,,,,,,,43.64168,-79.39012
39,175a44c376b595ca9be5a444ee520fd6,001Vo000013QnH0IAK,000 CLOVER BANNER CLUB KITCHEN,1 Blue Jays Way None M5V 1J4,Pass,2025-06-05,,,,,,,43.64168,-79.39012
40,0800ecf1e1ba903a76ac7badb1d754a3,001Vo000013QnH0IAK,000 CLOVER BANNER CLUB KITCHEN,1 Blue Jays Way None M5V 1J4,Pass,2024-07-04,,,,,,,43.64168,-79.39012
41,d99e72adc055842dcbc2ca4666c98876,001Vo000013QnH7IAK,000 HEINZ CLUB 328,1 Blue Jays Way None M5V 1J4,Pass,2026-05-12,,,,,,,43.64168,-79.39012
42,7b088027772fa50324cd0ba15cb3d215,001Vo000013QnH7IAK,000 HEINZ CLUB 328,1 Blue Jays Way None M5V 1J4,Pass,2026-03-20,,,,,,,43.64168,-79.39012
43,531bcd3a8a8e32f0f851bd009072527f,001Vo000013QnH7IAK,000 HEINZ CLUB 328,1 Blue Jays Way None M5V 1J4,Pass,2025-10-20,,,,,,,43.64168,-79.39012
44,3280a4686c77ab37010c7d434e336208,001Vo000013QnH7IAK,000 HEINZ CLUB 328,1 Blue Jays Way None M5V 1J4,Pass,2025-06-05,,,,,,,43.64168,-79.39012
45,b79ec466eb569d990d7f189809937491,001Vo000013Qhj7IAC,000 MEZZ PRODUCTION KITCHEN (PK),1 Blue Jays Way None M5V 1J4,Pass,2026-05-13,,,,,,,43.64168,-79.39012
46,2a30f839c1d6aa43ba7922e9ac73cea4,001Vo000013Qhj7IAC,000 MEZZ PRODUCTION KITCHEN (PK),1 Blue Jays Way None M5V 1J4,Pass,2026-03-13,,,,,,,43.64168,-79.39012
47,311638e579bb2aed421af824941cc038,001Vo000013Qhj7IAC,000 MEZZ PRODUCTION KITCHEN (PK),1 Blue Jays Way None M5V 1J4,Pass,2025-11-19,,,,,,,43.64168,-79.39012
48,0b4663ed4ac53748029f772b7dd6f5b5,001Vo000013Qhj7IAC,000 MEZZ PRODUCTION KITCHEN (PK),1 Blue Jays Way None M5V 1J4,Pass,2025-10-20,,,,,,,43.64168,-79.39012
49,6a684ec3ceec0134b4b3da2afa2a4ce4,001Vo000013Qhj7IAC,000 MEZZ PRODUCTION KITCHEN (PK),1 Blue Jays Way None M5V 1J4,Pass,2025-07-21,,,,,,,43.64168,-79.39012
50,7fcc9629ec28d459ad9245b6552f3a2d,001Vo000013Qhj7IAC,000 MEZZ PRODUCTION KITCHEN (PK),1 Blue Jays Way None M5V 1J4,Pass,2025-04-29,FAIL TO ENSURE EQUIPMENT SURFACE SANITIZED AS NECESSARY - SEC. 22,,,,,,43.64168,-79.39012
51,6cd31cfd339110faf8ebfb09c5cc46ae,001Vo000013Qhj7IAC,000 MEZZ PRODUCTION KITCHEN (PK),1 Blue Jays Way None M5V 1J4,Pass,2025-03-27,FAIL TO ENSURE EQUIPMENT SURFACE SANITIZED AS NECESSARY - SEC. 22,,,,,,43.64168,-79.39012
52,cf6c540cd74c158a6aaf405fd816f19f,001Vo000013Qhj7IAC,000 MEZZ PRODUCTION KITCHEN (PK),1 Blue Jays Way None M5V 1J4,Pass,2025-03-27,FAIL TO ENSURE FOOD HANDLER IN FOOD PREMISE WEARS CLEAN OUTER GARMENTS - SEC. 33(1)(C) ,,,,,,43.64168,-79.39012
53,7f73f63dc96464b92cf1104593a74fa8,001Vo000013Qhj7IAC,000 MEZZ PRODUCTION KITCHEN (PK),1 Blue Jays Way None M5V 1J4,Pass,2025-03-27,FOOD PREMISE NOT MAINTAINED WITH CLEAN WALLS IN FOOD-HANDLING ROOM - SEC. 7(1)(G)  ,,,,,,43.64168,-79.39012
54,f6fb7a311a616a9104e8cc48e91d3550,001Vo000013Qhj7IAC,000 MEZZ PRODUCTION KITCHEN (PK),1 Blue Jays Way None M5V 1J4,Pass,2024-09-23,FOOD PREMISE NOT MAINTAINED WITH FOOD HANDLING ROOM IN SANITARY CONDITION - SEC. 7(1)(E) ,,,,,,43.64168,-79.39012
55,573b569d1509a5cc5553baba05fd9ec9,001Vo000013Qhj7IAC,000 MEZZ PRODUCTION KITCHEN (PK),1 Blue Jays Way None M5V 1J4,Pass,2024-08-08,,,,,,,43.64168,-79.39012
56,ee0f219eedadbb3580ace8aaff396397,001Vo000013Qhj7IAC,000 MEZZ PRODUCTION KITCHEN (PK),1 Blue Jays Way None M5V 1J4,Pass,2024-04-11,,,,,,,43.64168,-79.39012
57,fc1a4247f0998968989fa4a69628297f,001Vo000013QnGzIAK,000 TD LOUNGE,1 Blue Jays Way None M5V 1J4,Pass,2026-04-22,,,,,,,43.64168,-79.39012
58,6ec1a8e8992c4a0066d7943f2ba130bb,001Vo000013QnGzIAK,000 TD LOUNGE,1 Blue Jays Way None M5V 1J4,Pass,2025-10-24,,,,,,,43.64168,-79.39012
59,31bcfe1b39e69e19725c11e62b60c9de,001Vo000013QnGzIAK,000 TD LOUNGE,1 Blue Jays Way None M5V 1J4,Pass,2025-06-05,,,,,,,43.64168,-79.39012
60,0eff5ecd207ef6652e6b5a2e377d4436,001Vo000013QnGzIAK,000 TD LOUNGE,1 Blue Jays Way None M5V 1J4,Pass,2024-07-04,,,,,,,43.64168,-79.39012
61,6443bd430ca8ca9ccc54bbcd6700d721,001Vo000013QnGiIAK,000 THE WAREHOUSE (docks),1 Blue Jays Way None M5V 1J4,Pass,2026-05-12,,,,,,,43.64168,-79.39012
62,4580d0780d55fa4b4f2ef37de54740dc,001Vo000013QnGiIAK,000 THE WAREHOUSE (docks),1 Blue Jays Way None M5V 1J4,Pass,2026-03-20,,,,,,,43.64168,-79.39012
63,1f9b5838c740ea3ef1b1030966ddd569,001Vo000013QnGiIAK,000 THE WAREHOUSE (docks),1 Blue Jays Way None M5V 1J4,Pass,2025-10-20,,,,,,,43.64168,-79.39012
64,c8cb368287285bb5c1aa42ebd75302bf,001Vo000013QnGiIAK,000 THE WAREHOUSE (docks),1 Blue Jays Way None M5V 1J4,Pass,2025-06-05,,,,,,,43.64168,-79.39012
65,e605e36388c6fbe5176dd514ac5e5949,001Vo000013QnGiIAK,000 THE WAREHOUSE (docks),1 Blue Jays Way None M5V 1J4,Pass,2024-08-09,,,,,,,43.64168,-79.39012
66,c604314bad36a28dbaee6c84cc80acdd,001Vo000013QnGcIAK,000F BLUEPRINT CLUB KITCHEN,1 Blue Jays Way None M5V 1J4,Pass,2026-04-22,,,,,,,43.64168,-79.39012
67,124c4d63266c009e4d9b81e031d55f10,001Vo000013QnGcIAK,000F BLUEPRINT CLUB KITCHEN,1 Blue Jays Way None M5V 1J4,Pass,2026-03-20,,,,,,,43.64168,-79.39012
68,fd1f4c9d08978d00f58cf7477d87b1de,001Vo000013QnGcIAK,000F BLUEPRINT CLUB KITCHEN,1 Blue Jays Way None M5V 1J4,Pass,2025-10-20,,,,,,,43.64168,-79.39012
69,0c23488ab58084416e4557f6f2a56e50,001Vo000013QnGcIAK,000F BLUEPRINT CLUB KITCHEN,1 Blue Jays Way None M5V 1J4,Pass,2025-07-21,,,,,,,43.64168,-79.39012
70,19be04167ffa00a5539a8eb8ff7ea53b,001Vo000013QnGcIAK,000F BLUEPRINT CLUB KITCHEN,1 Blue Jays Way None M5V 1J4,Pass,2025-03-27,USE EQUIPMENT NOT SUITABLE FOR INTENDED PURPOSE - SEC. 8(1)(D)  ,,,,,,43.64168,-79.39012
71,8bd58999ca6747cebd449e81a9198ac0,001Vo000013QnGcIAK,000F BLUEPRINT CLUB KITCHEN,1 Blue Jays Way None M5V 1J4,Pass,2025-03-27,FAIL TO ENSURE EQUIPMENT SURFACE SANITIZED AS NECESSARY - SEC. 22,,,,,,43.64168,-79.39012
72,9561add0b9b971fe99e65e548a66b9d8,10808575,000L BANNER CLUB KITCHEN,1 BLUE JAYS WAY None M5V 1J4,Pass,2025-10-20,,,,,,,43.64168,-79.39012
73,618e85d571259ce478045c54da0cb1cd,10808575,000L BANNER CLUB KITCHEN,1 BLUE JAYS WAY None M5V 1J4,Pass,2025-07-21,,,,,,,43.64168,-79.39012
74,6834df1f46bf97c7e073cd4c4845d94c,10808575,000L BANNER CLUB KITCHEN,1 BLUE JAYS WAY None M5V 1J4,Pass,2025-03-27,FAIL TO ENSURE EQUIPMENT SURFACE SANITIZED AS NECESSARY - SEC. 22,,,,,,43.64168,-79.39012
75,0e7bcbbeefccc755d4bedff9c88350a6,10808575,000L BANNER CLUB KITCHEN,1 BLUE JAYS WAY None M5V 1J4,Pass,2025-03-27,FAIL TO MAINTAIN HANDWASHING STATIONS (LIQUID SOAP AND PAPER TOWELS) - SEC. 7(3)(C),,,,,,43.64168,-79.39012
76,0e46ed87665bce3b3ffa03da70c80079,10808575,000L BANNER CLUB KITCHEN,1 BLUE JAYS WAY None M5V 1J4,Pass,2025-03-27,FAIL TO ENSURE FOOD HANDLER IN FOOD PREMISE WEARS CLEAN OUTER GARMENTS - SEC. 33(1)(C) ,,,,,,43.64168,-79.39012
77,6c51177e70d0c6c8fccca845c2a9a581,10808575,000L BANNER CLUB KITCHEN,1 BLUE JAYS WAY None M5V 1J4,Pass,2025-03-27,Operate food premise - equipment not arranged to permit maintenance in sanitary condition - Sec. 9,,,,,,43.64168,-79.39012
78,c3992e7df5e6800857dfc6b1eabcf7c5,10808575,000L BANNER CLUB KITCHEN,1 BLUE JAYS WAY None M5V 1J4,Pass,2024-09-23,,,,,,,43.64168,-79.39012
79,bb775ab32413324442ffa933bdaf63bc,10808575,000L BANNER CLUB KITCHEN,1 BLUE JAYS WAY None M5V 1J4,Pass,2024-08-08,,,,,,,43.64168,-79.39012
80,501945df0421fd97d92109a8deb8d6b5,10808575,000L BANNER CLUB KITCHEN,1 BLUE JAYS WAY None M5V 1J4,Pass,2024-04-11,,,,,,,43.64168,-79.39012
83,321f818c14e40c752c90b8181a1c37de,10776015,1 HOTEL TORONTO - 1 KITCHEN,550 WELLINGTON ST W None M5V 2V4,Pass,2025-09-15,FAIL TO PROVIDE THERMOMETER IN REFRIGERATION EQUIPMENT - SEC. 30(B)    ,,,,,,43.64284,-79.40167
84,06fe21a570498e5c15e64ba919f32946,10776015,1 HOTEL TORONTO - 1 KITCHEN,550 WELLINGTON ST W None M5V 2V4,Pass,2025-09-15,OPERATE FOOD PREMISE - FAIL TO EQUIP SANITARY FACILITY WITH SOAP OR DETERGENT - SEC. 24(3)(D)  ,,,,,,43.64284,-79.40167
85,efbbaf5bcb5938641bb38a19c1fd5d21,10776015,1 HOTEL TORONTO - 1 KITCHEN,550 WELLINGTON ST W None M5V 2V4,Pass,2025-03-24,OPERATE FOOD PREMISE - MECHANICAL EQUIPMENT NOT MAINTAINED TO MAINTAIN RINSE WATER AT 82 C - SEC. 20(1)(A)(II)(A) ,,,,,,43.64284,-79.40167
86,35d1ec94eaa4a74a1f5c171934660199,10776015,1 HOTEL TORONTO - 1 KITCHEN,550 WELLINGTON ST W None M5V 2V4,Pass,2024-11-13,FAIL TO PROVIDE THERMOMETER IN REFRIGERATION EQUIPMENT - SEC. 30(B)    ,,,,,,43.64284,-79.40167
87,79295043cad7b464940a9e27b1aa917c,10776015,1 HOTEL TORONTO - 1 KITCHEN,550 WELLINGTON ST W None M5V 2V4,Pass,2024-11-13,OPERATE FOOD PREMISE - MECHANICAL EQUIPMENT NOT MAINTAINED TO PROVIDE SUFFICIENT CHEMICAL SOLUTION RINSE - SEC. 20(1)(A)(II)(B) ,,,,,,43.64284,-79.40167
88,150c567ad7d5f26d525d12374d129302,10776015,1 HOTEL TORONTO - 1 KITCHEN,550 WELLINGTON ST W None M5V 2V4,Pass,2024-06-04,,,,,,,43.64284,-79.40167
89,39642fb7210f4dd92e878ac0f36e98fd,10776015,1 HOTEL TORONTO - 1 KITCHEN,550 WELLINGTON ST W None M5V 2V4,Pass,2024-02-27,,,,,,,43.64284,-79.40167
90,f7ad0f7004f647690031edf73fc525a3,10776015,1 HOTEL TORONTO - 1 KITCHEN,550 WELLINGTON ST W None M5V 2V4,Pass,2023-11-16,,,,,,,43.64284,-79.40167
91,71dd652f30553322779533c48a0e7fe4,001Vo000013Qn0DIAS,1 HOTEL TORONTO - CASA MADERA,550 Wellington St W None M5V 2V4,Pass,2025-12-02,FOOD PREMISE NOT MAINTAINED WITH FOOD HANDLING ROOM IN SANITARY CONDITION - SEC. 7(1)(E),,,,,,43.64284,-79.401665
92,bf41f31028fa9e702bb13a3e4b89510e,001Vo000013Qn0DIAS,1 HOTEL TORONTO - CASA MADERA,550 Wellington St W None M5V 2V4,Pass,2025-03-25,,,,,,,43.64284,-79.401665
93,571ddcb7a42cb153097240f79af724e9,001Vo000013Qn0DIAS,1 HOTEL TORONTO - CASA MADERA,550 Wellington St W None M5V 2V4,Pass,2024-11-13,,,,,,,43.64284,-79.401665
94,c8fd0508c4d3f2e05cfa87b55ee4fdd1,001Vo000013Qn0DIAS,1 HOTEL TORONTO - CASA MADERA,550 Wellington St W None M5V 2V4,Pass,2024-06-04,,,,,,,43.64284,-79.401665
95,935862c53e04bb91f766df8bf9b707d9,001Vo000013Qn0DIAS,1 HOTEL TORONTO - CASA MADERA,550 Wellington St W None M5V 2V4,Pass,2024-02-27,,,,,,,43.64284,-79.401665
96,fe4d05a057f3a3c96af9156497a0180c,001Vo000013Qn0DIAS,1 HOTEL TORONTO - CASA MADERA,550 Wellington St W None M5V 2V4,Pass,2023-11-16,,,,,,,43.64284,-79.401665
97,0566ba0129b600f53ae457a328b17a44,001Vo000013Qn0BIAS,1 HOTEL TORONTO - FLORA LOUNGE,550 Wellington St W None M5V 2V4,Pass,2026-03-26,,,,,,,43.64284,-79.401665
98,03388c07dffddc100a04b53077e454f6,001Vo000013Qn0BIAS,1 HOTEL TORONTO - FLORA LOUNGE,550 Wellington St W None M5V 2V4,Pass,2025-03-24,,,,,,,43.64284,-79.401665
99,49efac2fbddfb07e3b00e640bfadbc81,001Vo000013Qn0BIAS,1 HOTEL TORONTO - FLORA LOUNGE,550 Wellington St W None M5V 2V4,Pass,2024-11-13,,,,,,,43.64284,-79.401665
100,ca0d5d6ba90c08941c824bda88b77256,001Vo000013Qn0BIAS,1 HOTEL TORONTO - FLORA LOUNGE,550 Wellington St W None M5V 2V4,Pass,2024-06-04,,,,,,,43.64284,-79.401665
101,b15b9968e8c1fcd8e8e9ccc7ac9b247b,001Vo000013Qn0BIAS,1 HOTEL TORONTO - FLORA LOUNGE,550 Wellington St W None M5V 2V4,Pass,2024-02-27,,,,,,,43.64284,-79.401665
102,d3027d4d3df868fdb190272afaf33243,001Vo000013Qn0BIAS,1 HOTEL TORONTO - FLORA LOUNGE,550 Wellington St W None M5V 2V4,Pass,2023-11-16,,,,,,,43.64284,-79.401665
103,55aa223537409fa8e9787830e9e99a7e,10776009,1 HOTEL TORONTO - HARRIET'S,550 WELLINGTON ST W None M5V 2V4,Pass,2025-09-15,FAIL TO PROVIDE THERMOMETER IN REFRIGERATION EQUIPMENT - SEC. 30(B)    ,,,,,,43.64284,-79.40167
104,6cfbbb86306c68a4708043a949eff64e,10776009,1 HOTEL TORONTO - HARRIET'S,550 WELLINGTON ST W None M5V 2V4,Pass,2025-09-15,Operate food premise - equipment not constructed to permit maintenance in sanitary condition - Sec. 9,,,,,,43.64284,-79.40167
105,200decc6e2c80d1464bb077aae0ac28e,10776009,1 HOTEL TORONTO - HARRIET'S,550 WELLINGTON ST W None M5V 2V4,Pass,2025-09-15,FAIL TO MAINTAIN HANDWASHING STATIONS (LIQUID SOAP AND PAPER TOWELS) - SEC. 7(3)(C),,,,,,43.64284,-79.40167
106,decd950b49b49f2757b403baa82ea339,10776009,1 HOTEL TORONTO - HARRIET'S,550 WELLINGTON ST W None M5V 2V4,Pass,2025-03-25,,,,,,,43.64284,-79.40167
107,a60a4e26edc5ac4224c627bed59b3aa0,10776009,1 HOTEL TORONTO - HARRIET'S,550 WELLINGTON ST W None M5V 2V4,Pass,2024-11-13,,,,,,,43.64284,-79.40167
108,60e034fcd9bb441546bfebafe8238172,10776009,1 HOTEL TORONTO - HARRIET'S,550 WELLINGTON ST W None M5V 2V4,Pass,2024-06-04,,,,,,,43.64284,-79.40167
109,0bd985b56d817ebf61e6b8d9611969c5,10776009,1 HOTEL TORONTO - HARRIET'S,550 WELLINGTON ST W None M5V 2V4,Pass,2024-02-27,,,,,,,43.64284,-79.40167
110,b20d4f5f3c17fe0bcff9471e65170b5e,10776009,1 HOTEL TORONTO - HARRIET'S,550 WELLINGTON ST W None M5V 2V4,Pass,2023-11-16,,,,,,,43.64284,-79.40167
111,e33cde5d12c59f94ded28b1296081ed9,001Vo000013Qn0AIAS,1 HOTEL TORONTO - MAIN PRODUCTION KITCHEN,550 Wellington St W None M5V 2V4,Pass,2026-03-26,FOOD PREMISE NOT MAINTAINED WITH CLEAN WALLS IN FOOD-HANDLING ROOM - SEC. 7(1)(G),,,,,,43.64284,-79.401665
112,bcfc31f96afb8da9eddf7c9c30b5fdd1,001Vo000013Qn0AIAS,1 HOTEL TORONTO - MAIN PRODUCTION KITCHEN,550 Wellington St W None M5V 2V4,Pass,2025-09-15,FOOD PREMISE NOT MAINTAINED WITH CLEAN FLOORS IN FOOD-HANDLING ROOM - SEC. 7(1)(G)  ,,,,,,43.64284,-79.401665
113,cdde485fdcdfa1d89feeb95fb0a33b63,001Vo000013Qn0AIAS,1 HOTEL TORONTO - MAIN PRODUCTION KITCHEN,550 Wellington St W None M5V 2V4,Pass,2025-05-26,,,,,,,43.64284,-79.401665
114,7f37a838ca0d320fd290120256da797b,001Vo000013Qn0AIAS,1 HOTEL TORONTO - MAIN PRODUCTION KITCHEN,550 Wellington St W None M5V 2V4,Pass,2025-03-24,,,,,,,43.64284,-79.401665
115,a22fb7ee7afc153daa248028bde9837c,001Vo000013Qn0AIAS,1 HOTEL TORONTO - MAIN PRODUCTION KITCHEN,550 Wellington St W None M5V 2V4,Pass,2024-11-13,FOOD PREMISE NOT MAINTAINED WITH CLEAN FLOORS IN FOOD-HANDLING ROOM - SEC. 7(1)(G)  ,,,,,,43.64284,-79.401665
116,4fa6db65042e71c07a1eb39dd756367c,001Vo000013Qn0AIAS,1 HOTEL TORONTO - MAIN PRODUCTION KITCHEN,550 Wellington St W None M5V 2V4,Pass,2024-06-04,,,,,,,43.64284,-79.401665
117,dd57f875c69096f2f63346918a594f03,001Vo000013Qn0AIAS,1 HOTEL TORONTO - MAIN PRODUCTION KITCHEN,550 Wellington St W None M5V 2V4,Pass,2024-02-27,,,,,,,43.64284,-79.401665
118,b09cb0c2a8bfd4820e85bc13ba236231,001Vo000013Qn0AIAS,1 HOTEL TORONTO - MAIN PRODUCTION KITCHEN,550 Wellington St W None M5V 2V4,Pass,2023-11-16,,,,,,,43.64284,-79.401665
119,d3bc1d528be923ffa485ed972190b4db,001Vo000013Qn0CIAS,1 HOTEL TORONTO - STAFF CAFETERIA 'The Nest',550 Wellington St W None M5V 2V4,Pass,2026-03-26,,,,,,,43.64284,-79.401665
120,1dba0008e69bfb2a670785cb223771fe,001Vo000013Qn0CIAS,1 HOTEL TORONTO - STAFF CAFETERIA 'The Nest',550 Wellington St W None M5V 2V4,Pass,2025-09-15,,,,,,,43.64284,-79.401665
121,5b16d44e9f5fa8e7174b236db0c5af55,001Vo000013Qn0CIAS,1 HOTEL TORONTO - STAFF CAFETERIA 'The Nest',550 Wellington St W None M5V 2V4,Pass,2025-03-24,,,,,,,43.64284,-79.401665
122,dda5c90b7d6c2bd0dec3d2dcaf821278,001Vo000013Qn0CIAS,1 HOTEL TORONTO - STAFF CAFETERIA 'The Nest',550 Wellington St W None M5V 2V4,Pass,2024-11-13,,,,,,,43.64284,-79.401665
123,a4c14775af2b1d30a1bf249e30c826ee,001Vo000013Qn0CIAS,1 HOTEL TORONTO - STAFF CAFETERIA 'The Nest',550 Wellington St W None M5V 2V4,Pass,2024-06-04,,,,,,,43.64284,-79.401665
124,16e84593d2cde2ef09603e2570ef5d22,001Vo000013Qn0CIAS,1 HOTEL TORONTO - STAFF CAFETERIA 'The Nest',550 Wellington St W None M5V 2V4,Pass,2024-02-27,,,,,,,43.64284,-79.401665
125,988cf24f0e0e648181ff6bb418e8448f,001Vo000013Qn0CIAS,1 HOTEL TORONTO - STAFF CAFETERIA 'The Nest',550 Wellington St W None M5V 2V4,Pass,2023-11-16,,,,,,,43.64284,-79.401665
131,4e2ca1816dc105cd32dcb5df0a27a02e,001Vo000013Qi4nIAC,1 ZERO 2 DELIGHTS,102 Fort York Blvd None None,Pass,2025-12-19,,,,,,,43.63988265,-79.39730718
132,032b9b895702cfdf26d1ff7aaca94c66,001Vo000013Qi4nIAC,1 ZERO 2 DELIGHTS,102 Fort York Blvd None None,Pass,2025-02-24,,,,,,,43.63988265,-79.39730718
133,2a6644b57d710460ac087a0407eb7beb,001Vo000013Qi4nIAC,1 ZERO 2 DELIGHTS,102 Fort York Blvd None None,Pass,2024-09-04,,,,,,,43.63988265,-79.39730718
134,27c4a32c340098eef52c9e88984aab4d,001Vo000013Qi4nIAC,1 ZERO 2 DELIGHTS,102 Fort York Blvd None None,Pass,2024-06-07,,,,,,,43.63988265,-79.39730718
135,e1709c6586d27581b23ed89235c48145,10820991,10 DEAN,"21 DALHOUSIE ST, Flr-MAIN None M5B 2A5",Pass,2025-08-18,,,,,,,43.654,-79.3751
136,d9d78f199f9add157986ef59c8e78d56,10820991,10 DEAN,"21 DALHOUSIE ST, Flr-MAIN None M5B 2A5",Pass,2024-12-05,FAIL TO MAINTAIN HANDWASHING STATIONS (LIQUID SOAP AND PAPER TOWELS) - SEC. 7(3)(C),,,,,,43.654,-79.3751
137,e760478032a9e886d94f29fb4a67c59a,10820991,10 DEAN,"21 DALHOUSIE ST, Flr-MAIN None M5B 2A5",Pass,2024-08-14,,,,,,,43.654,-79.3751
139,524d07d84d75dfd7d21dc0129bd7bae7,001Vo000013QkFyIAK,100 Level - STAND 101 - MOLSON MARKET,40 Bay St None M5J 2X2,Pass,2026-03-12,,,,,,,43.64407,-79.37843
140,7ffe3837cd4b6e684400b25b3039061c,001Vo000013QkFyIAK,100 Level - STAND 101 - MOLSON MARKET,40 Bay St None M5J 2X2,Pass,2025-12-11,,,,,,,43.64407,-79.37843
141,17fe4b006ec848d810faa8837365cd51,001Vo000013QkFyIAK,100 Level - STAND 101 - MOLSON MARKET,40 Bay St None M5J 2X2,Pass,2025-03-12,,,,,,,43.64407,-79.37843
142,164ad769eae673142488c3f519ce7e29,001Vo000013QkFyIAK,100 Level - STAND 101 - MOLSON MARKET,40 Bay St None M5J 2X2,Pass,2024-10-21,FAIL TO ENSURE EQUIPMENT SURFACE SANITIZED AS NECESSARY - SEC. 22,,,,,,43.64407,-79.37843
143,f467e89c9312d68f8c6c79737dc1cfd6,001Vo000013QkFyIAK,100 Level - STAND 101 - MOLSON MARKET,40 Bay St None M5J 2X2,Pass,2024-03-25,,,,,,,43.64407,-79.37843
144,4ef538bc9379c3749b406c9ccee89f53,001Vo000013QkFyIAK,100 Level - STAND 101 - MOLSON MARKET,40 Bay St None M5J 2X2,Pass,2023-11-15,,,,,,,43.64407,-79.37843
145,c3e45355b22dc027de62e5426e1e0791,001Vo000013QkG6IAK,100 Level - STAND 106 - PANINI SHOP + EDO,40 Bay St None M5J 2X2,Pass,2026-03-12,,,,,,,43.64407,-79.37843
146,f1895c642c6b2a655a3155a2f0862f59,001Vo000013QkG6IAK,100 Level - STAND 106 - PANINI SHOP + EDO,40 Bay St None M5J 2X2,Pass,2025-12-11,,,,,,,43.64407,-79.37843
147,d60c0a934c2739e6d210c6ce365ce971,001Vo000013QkG6IAK,100 Level - STAND 106 - PANINI SHOP + EDO,40 Bay St None M5J 2X2,Pass,2025-03-12,,,,,,,43.64407,-79.37843
148,e9fdd17a65540cc54cffa030322f0c71,001Vo000013QkG6IAK,100 Level - STAND 106 - PANINI SHOP + EDO,40 Bay St None M5J 2X2,Pass,2024-10-21,,,,,,,43.64407,-79.37843
149,e5ec1dc9dfd68ccf7e4ad61384c801b5,001Vo000013QkG6IAK,100 Level - STAND 106 - PANINI SHOP + EDO,40 Bay St None M5J 2X2,Pass,2024-03-25,,,,,,,43.64407,-79.37843
150,f3dfabcbe6c3fa67ef58d2b8e5a9917d,001Vo000013QkG6IAK,100 Level - STAND 106 - PANINI SHOP + EDO,40 Bay St None M5J 2X2,Pass,2023-11-15,FOOD PREMISE NOT MAINTAINED WITH FOOD HANDLING ROOM IN SANITARY CONDITION - SEC. 7(1)(E) ,,,,,,43.64407,-79.37843
