_id,PERMIT_NUM,REVISION_NUM,PERMIT_TYPE,STRUCTURE_TYPE,WORK,STREET_NUM,STREET_NAME,STREET_TYPE,STREET_DIRECTION,POSTAL,GEO_ID,WARD_GRID,APPLICATION_DATE,ISSUED_DATE,COMPLETED_DATE,STATUS,DESCRIPTION,CURRENT_USE,PROPOSED_USE,DWELLING_UNITS_CREATED,DWELLING_UNITS_LOST,EST_CONST_COST,ASSEMBLY,INSTITUTIONAL,RESIDENTIAL,BUSINESS_AND_PERSONAL_SERVICES,MERCANTILE,INDUSTRIAL,INTERIOR_ALTERATIONS,DEMOLITION,BUILDER_NAME
736,21 249735 PLB,00,Plumbing(PS),Multiple Unit Building,Building Permit Related(PS),372,BAY,ST, ,M5H,7929474,S1031,2021-12-17,2022-01-20,,Permit Issued,Plumbing  - PROPOSED INTERIOR ALTERATIONS TO SUITE 2100 & 2200: EXISTING OFFICE SPACE ALTERED TO INCLUDE ADDITIONAL PRIVATE OFFICES WITHIN THE EXISTING DEMISED OFFICE AREA. ,Office Space,Office Space,,,DO NOT UPDATE OR DELETE THIS INFO FIELD,0,0,0,0,0,0,0,0,TORONTO DECORATING CORPORATION
13467,24 187510 HVA,00,Mechanical(MS),Hostel/Shelter,Building Permit Related(MS),67,ADELAIDE,ST,E,M5C,8313241,S1338,2024-07-25,2024-09-03,,Permit Issued,"HVAC - Removal of all interior, non structural finishes, electrical, plumbing and HVAC for future rehabilitation program.",Women'S Shelter,Native Shelter,,,DO NOT UPDATE OR DELETE THIS INFO FIELD,0,0,0,0,0,0,0,0,
13866,25 124561 HVA,03,Mechanical(MS),Arena,Building Permit Related(MS),40,BAY,ST, ,M5J,7929257,S1037,2026-02-12,2026-03-12,,Revision Issued,Revision: Kitchen exhaust & related fire suppression in RM 3413A (NW Kitchen) ,Arena,Arena,,,DO NOT UPDATE OR DELETE THIS INFO FIELD,0,0,0,0,0,0,0,0,
20717,19 109321 BLD,01,Building Additions/Alterations,Restaurant 30 Seats or Less ,Interior Alterations,500,BLOOR,ST,W,M5S,14115433,S1126,2019-06-06,2019-07-09,,Revision Issued,"Revision 1. OBC matrix revised, storage room has been converted to seating area.",Restaurant,Restaurant,0,0,0,0,0,0,0,0,0,0,0,
22783,21 123701 DRN,00,Drain and Site Service,Stadium,Building Permit Related (DR),1,BLUE JAYS,WAY, ,M5V,5866193,S1036,2021-05-07,2022-05-13,,Permit Issued,Drain - Construct interior alterations and fit-out of flex space and batting cages ,Stadium,Stadium,,,DO NOT UPDATE OR DELETE THIS INFO FIELD,0,0,0,0,0,0,0,0,
23007,25 126757 FSU,00,Fire/Security Upgrade,Hostel/Shelter,Building Permit Related(FS),67,ADELAIDE,ST,E,M5C,8313241,S1338,2026-04-14,,,Application On Hold,"FS - Sprinkler Shop Drawing - Proposed alterations - construction of new suspended slab, removal and reconstruction of slab-on-grade & upper roof, installation of new interior partitions & finishes, alterations to existing plumbing, HVAC, and electrical, new exterior EFIS. ",Shelter,Shelter,,,DO NOT UPDATE OR DELETE THIS INFO FIELD,0,0,0,0,0,0,0,0,
23295,17 220126 BLD,00,Building Additions/Alterations,Stadium,Garage Repair/Reconstruction,1,BLUE JAYS,WAY, ,M5V,5866193,S1036,2017-08-21,2017-09-05,,Inspection,Proposed concrete and waterproofing repars to *rogers centre* on suspended podium deck slab around the existing stadium.  -  ROGERS CENTRE EXTERIOR REFRESH PHASE 1B ,Stadium,Stadium,,,800000,0,0,0,0,0,0,0,0,
23787,23 122606 PLB,00,Plumbing(PS),Arena,Building Permit Related(PS),40,BAY,ST, ,M5J,7929257,S1037,2023-03-13,2023-04-13,,Inspection,Plumbing  - New food retail concession in existing vacant space at Lower Concourse level. ,Arena,Arena,,,DO NOT UPDATE OR DELETE THIS INFO FIELD,0,0,0,0,0,0,0,0,
26420,13 103924 HVA,00,Mechanical(MS),Stadium,Building Permit Related(MS),1,BLUE JAYS,WAY, ,M5V,5866193,S1036,2013-01-10,2013-02-12,,Permit Issued,"HVAC - Proposal for interior alterations to levels 300 and 400 adjacent to Blue Jays executive offices, between gates 7 and 9 (close to gate 9) to create meeting space ",Stadium,Stadium,,,DO NOT UPDATE OR DELETE THIS INFO FIELD,0,0,0,0,0,0,0,0,
27361,25 118250 BLD,00,Building Additions/Alterations,Arena,Balcony/Guard Repairs,40,BAY,ST, ,M5J,7929257,S1037,2025-02-18,2025-03-26,,Inspection,Installation of a 45.7m long ballasted rooftop guardrail around the perimeter of the north section of low roof to provide safe access for maintenance.,Arena,Arena,,,55000.00,0,0,0,0,0,0,0,0,
27715,26 104901 HVA,00,Mechanical(MS),Stadium,Building Permit Related(MS),1,BLUE JAYS,WAY, ,M5V,5866193,S1036,2026-01-14,2026-02-12,,Inspection,"HVAC - Proposed removal of an existing door, installation of custom millwork, close in existing slab opening with new walls and construction of a new enclosed storage room.",Stadium,Stadium,,,DO NOT UPDATE OR DELETE THIS INFO FIELD,0,0,0,0,0,0,0,0,
29023,25 157930 HVA,00,Mechanical(MS),Multiple Unit Building,Building Permit Related(MS),550,WELLINGTON,ST,W,   ,20054266,S1032,2025-05-12,2025-11-26,,Permit Issued,HVAC - Proposal for interior alterations to convert existing residential suites to hotel suites that includes new interior partition walls.,Residential Suites,Hotel Suites,,,DO NOT UPDATE OR DELETE THIS INFO FIELD,0,0,0,0,0,0,0,0,
30140,24 187510 BLD,00,Building Additions/Alterations,Hostel/Shelter,Interior Alterations,67,ADELAIDE,ST,E,M5C,8313241,S1338,2024-07-25,2024-09-03,,Permit Issued,"Removal of all interior, non structural finishes, electrical, plumbing and HVAC for future rehabilitation program.",Women'S Shelter,Native Shelter,0,0,800000,0,0,0,0,0,0,150,0,
31136,25 157930 BLD,00,Building Additions/Alterations,Multiple Unit Building,Interior Alterations,550,WELLINGTON,ST,W,   ,20054266,S1032,2025-05-12,2025-11-26,,Inspection,Proposal for interior alterations to convert existing residential suites to hotel suites that includes new interior partition walls.,Residential Suites,Hotel Suites,0,0,"500,000",0,0,0,0,0,0,733.43,0,
32250,06 170518 HVA,00,Mechanical(MS),Stadium,Building Permit Related(MS),1,BLUE JAYS,WAY, ,M5V,5866193,S1036,2006-08-25,2006-10-05,,Permit Issued,HVAC - Make interior alterations to ticketmaster office in Rogers Centre.,Stadium (Office),Stadium (Office),,,DO NOT UPDATE OR DELETE THIS INFO FIELD,0,0,0,0,0,0,0,0,
34316,13 123873 FSU,00,Fire/Security Upgrade,Multiple Use/Non Residential,Electromagnetic Locks,250,DUNDAS,ST,W,M5T,796535,S1144,2013-02-22,2013-03-22,,Inspection,Proposal for 2 maglocks on the entrance doors to existing multi-use non-residential building,Mixed-Use Non Residential,Mixed-Use Non Residential,,,5000,0,0,0,0,0,0,0,0,
34338,23 192778 BLD,01,Building Additions/Alterations,Stadium,Interior Alterations,1,BLUE JAYS,WAY, ,M5V,5866193,S1036,2024-02-28,2024-03-19,,Revision Issued,"REVISION #1:Adjustments related to the ""Corner Club ""fit-out, sprinklers, and fire/smoke dampersAnd the revised sprinkler design of DWG P2B-SPR-00E.Scope of Works of 00 BA Permit:Rogers Centre Lower Bowl Renovation Project, Phase 2. This application is for the ""Premium Spaces"" scope of work only, which includes patron lounges, entrances, food service spaces, and washroom amenities located on the 000 field level generally between grids LB10-LB20. Related mechanical & electrical improvements extend back further into the building. -- This represents the last permit application for the Phase 2 project.   ",Stadium,Stadium,0,0,0,0,0,0,0,0,0,0,0,
39034,22 198612 HVA,02,Mechanical(MS),Stadium,Building Permit Related(MS),1,BLUE JAYS,WAY, ,M5V,5866193,S1036,2023-03-21,2023-04-20,,Revision Issued,"REV 02: Proposal to include added and revised laundry exhaust. REVISION - define ventless hood equipmentHVAC - Phase 2 -  ROGERS CENTRE LOWER BOWL REPLACEMENT PROJECT, INCLUDING RENOVATION OF EXISTING L000, L100, L200, AND L500 PROGRAMS, REPLACEMENT OF LOWER SEATING BOWL, AND ADDITION OF NEW L000 CLUBHOUSE AND PREMIUM CLUB AMENITIES.",Stadium,Stadium,,,DO NOT UPDATE OR DELETE THIS INFO FIELD,0,0,0,0,0,0,0,0,
40515,16 245078 PLB,00,Plumbing(PS),Stadium,Building Permit Related(PS),1,BLUE JAYS,WAY, ,M5V,5866193,S1036,2016-10-31,2016-11-23,,Permit Issued,Plumbing  - Proposal for interior alterations to the loading dock area to install prefab walls around existing Bell Mobility leasehold space. ,Stadium,Stadium,,,DO NOT UPDATE OR DELETE THIS INFO FIELD,0,0,0,0,0,0,0,0,
40917,19 109321 HVA,00,Mechanical(MS),Restaurant 30 Seats or Less ,Building Permit Related(MS),500,BLOOR,ST,W,M5S,14115433,S1126,2019-01-28,2019-03-12,,Inspection,"HVAC - interior alterations to existing restaurant ""Aroma Espresso Bar"" UNIT A",Restaurant,Restaurant,,,DO NOT UPDATE OR DELETE THIS INFO FIELD,0,0,0,0,0,0,0,0,
41337,17 244262 PSA,00,Plumbing(PS),Stadium,Piping: Other Buildings,1,BLUE JAYS,WAY, ,M5V,5866193,S1036,2017-10-06,2017-10-25,,Permit Issued,Removal and replacement of existing drain bodies and piping within the Phase 8 limit of construction area.New permit application under Parent Permit No.16 252422 PSA 00 PS,Stadium,Same,,,175000,0,0,0,0,0,0,0,0,
46851,25 216967 BLD,00,Building Additions/Alterations,Arena,Interior Alterations,40,BAY,ST, ,M5J,7929257,S1037,2025-08-27,2025-09-30,,Inspection,Proposed Interior alterations at event-level storage and locker areas. ,Group A2 - Arena,Group A2 - Arena,0,0,"300,000",0,0,0,0,0,0,252,0,
47939,04 112806 MSA,01,Mechanical(MS),Restaurant Greater Than 30 Seats,Alter:  Add on /Ductwork,372,BAY,ST, ,M5H,7929474,S1031,2004-03-12,2004-03-16,,Inspection,Alter plans as approved under file 04 - 112806 by relocating make-up air system to existing restaurant on first floor.Existing & Proposed Use:  Restaurant & Office Bldg.,,,,,0,0,0,0,0,0,0,0,0,
48165,18 148988 BLD,00,Building Additions/Alterations,Arena,Interior Alterations,40,BAY,ST, ,M5J,7929257,S1037,2018-04-26,2018-05-10,,Inspection,"Proposal for interior alterations on ground floor, mezzanine, and level 2 of existing arena. 'SCOTIA CLUB' in 'AIR CANADA CENTRE'",Arena,Same,0,0,2000000,0,0,0,0,0,0,1887,0,
48364,07 189633 BLD,00,Building Additions/Alterations,Arena,Interior Alterations,1,BLUE JAYS,WAY, ,M5V,5866193,S1036,2007-05-03,2007-05-03,,Inspection,Interior alterations players dressing room (field level).,Rogers Centre,Same,0,0,"200,000",0,0,0,0,0,0,150,0,
49098,18 134553 BLD,00,Building Additions/Alterations,Arena,Re-Roofing/Re-Cladding,40,BAY,ST, ,M5J,7929257,S1037,2018-03-26,2018-05-31,,Permit Issued,"Proposal to reclad the upper portion of the roof wall of an existing arena buildig. ""Air Canada Centre""",Arena,Same,,,"1,000,000",0,0,0,0,0,0,0,0,
50556,26 139782 TPS,00,Temporary Structures,Commercial,Temporary Structures,40,BAY,ST, ,M5J,7929257,S1037,2026-04-07,2026-04-10,,Inspection,"Proposal to erect one temporary structures for mlse playoffsInstall date: April 9, 2026Removal date: July 2, 2026.",Commercial - Parking Lot,Temporary Structure - Sports Playoff,,,,0,0,0,0,0,0,0,0,
52104,07 130553 BLD,00,Building Additions/Alterations,Stadium,Interior Alterations,1,BLUE JAYS,WAY, ,M5V,5866193,S1036,2007-03-30,2007-04-03,,Inspection,Interior alterations to Argo's dressing room and Blue Jays weight room,Stadium,Same,0,0,1000000,0,0,0,0,0,0,200,0,
52775,22 114421 HVA,00,Mechanical(MS),Multiple Unit Building,Building Permit Related(MS),409,SPADINA,AVE, ,M5T,10513409,S1144,2023-08-21,2023-12-05,,Permit Issued,HVAC - Proposal for interior alterations to the 2nd and 3rd floor of an existing 3 storey mixed use building to convert into rooming house.,Multi Use,Multi Use,,,DO NOT UPDATE OR DELETE THIS INFO FIELD,0,0,0,0,0,0,0,0,
55398,17 207451 BLD,00,Building Additions/Alterations,Arena,Interior Alterations,40,BAY,ST, ,M5J,7929257,S1037,2017-07-28,2017-08-21,,Inspection,Proposal to construct a new vestibule leading to stair 11 at level 200 of the Air Canada Centre. ,Arena,Same,0,0,70000,0,0,0,0,0,0,8,0,
55480,16 245078 HVA,00,Mechanical(MS),Stadium,Building Permit Related(MS),1,BLUE JAYS,WAY, ,M5V,5866193,S1036,2016-10-31,2016-11-23,,Permit Issued,HVAC - Proposal for interior alterations to the loading dock area to install prefab walls around existing Bell Mobility leasehold space. ,Stadium,Stadium,,,DO NOT UPDATE OR DELETE THIS INFO FIELD,0,0,0,0,0,0,0,0,
55731,18 148988 BLD,02,Building Additions/Alterations,Arena,Interior Alterations,40,BAY,ST, ,M5J,7929257,S1037,2018-11-23,2018-12-12,,Revision Issued,"REVISION 2 - alterations to exterior canopy at Gate 2C as approved by heritageProposal for interior alterations on ground floor, mezzanine, and level 2 of existing arena. 'SCOTIA CLUB' in 'AIR CANADA CENTRE'",Arena,Same,0,0,0,0,0,0,0,0,0,0,0,
56599,24 187510 PLB,00,Plumbing(PS),Hostel/Shelter,Building Permit Related(PS),67,ADELAIDE,ST,E,M5C,8313241,S1338,2024-07-25,2024-09-03,,Permit Issued,"Plumbing  - Removal of all interior, non structural finishes, electrical, plumbing and HVAC for future rehabilitation program.",Women'S Shelter,Native Shelter,,,DO NOT UPDATE OR DELETE THIS INFO FIELD,0,0,0,0,0,0,0,0,
56795,17 135566 BLD,00,Building Additions/Alterations,Stadium,Garage Repair/Reconstruction,1,BLUE JAYS,WAY, ,M5V,5866193,S1036,2017-03-28,2017-03-30,,Permit Issued,Proposal for localized concrete repairs and waterproofing replacement around portions of existing stadium - Rogers Centre,Rogers Stadium,Same,,,"500,000",0,0,0,0,0,0,0,0,
57108,25 124561 PLB,01,Plumbing(PS),Arena,Building Permit Related(PS),40,BAY,ST, ,M5J,7929257,S1037,2025-07-30,2025-08-27,,Revision Issued,"Revision:- Removal of certain L200 scope areas (North Lobby 2453, West Lobby 2344, Global Partnership Lounge 2458) from this phase of construction (now indicated as out of scope with gray shading and clouded on L200 Plans)- Coordination with Ice Plant design, including relocation of drains, heaters, emergency eyewash/shower, and emergency alarm beacon in Ice Plant Refrigeration Room, as well as rooftop equipment platform alterations and access stairs- Addition of roof access ladders and fall protection - Indication on Architectural drawings of small louvers previously shown only on HVAC drawings- Modifications to kitchen exhaust routing due to site conditions- Fire alarm devices updated on electrical drawings due to site conditions",Arena,Arena,,,DO NOT UPDATE OR DELETE THIS INFO FIELD,0,0,0,0,0,0,0,0,
57351,11 218701 BLD,00,Building Additions/Alterations,Office,Interior Alterations,372,BAY,ST, ,M5H,7929474,S1031,2011-06-14,2011-07-07,,Inspection,"This is for interior office alterations to the 2nd floor for ""NUMERIC ANSWERS"".",Office - 2nd Floor,Office - 2nd Floor,0,0,50000,0,0,0,0,0,0,434,0,
58130,25 124561 BLD,02,Building Additions/Alterations,Arena,Multiple Projects,40,BAY,ST, ,M5J,7929257,S1037,2025-10-08,2025-11-07,,Revision Issued,"Revision #2:Revision to ceiling heights in RM 3115 (Concession B/Stand 13) and RM 3413 (Grab & Go 3-Stand 18) to provide required clearance to Kitchen Equipment. F&B drawings provided for reference/review.Revision #1:- Removal of certain L200 scope areas (North Lobby 2453, West Lobby 2344, Global Partnership Lounge 2458) from this phase of construction (now indicated as out of scope with gray shading and clouded on L200 Plans)- Coordination with Ice Plant design, including relocation of drains, heaters, emergency eyewash/shower, and emergency alarm beacon in Ice Plant Refrigeration Room, as well as rooftop equipment platform alterations and access stairs- Addition of roof access ladders and fall protection - Indication on Architectural drawings of small louvers previously shown only on HVAC drawings- Modifications to kitchen exhaust routing due to site conditions- Fire alarm devices updated on electrical drawings due to site conditions",Arena,Arena,0,0,0,0,0,0,0,0,0,0,0,
60632,13 126490 PLB,00,Plumbing(PS),Stadium,Building Permit Related(PS),1,BLUE JAYS,WAY, ,M5V,5866193,S1036,2013-02-28,2013-03-28,,Permit Issued,Plumbing  - Proposal for interior alterations on the 200 level on the north side of the stadium,Stadium,Stadium,,,DO NOT UPDATE OR DELETE THIS INFO FIELD,0,0,0,0,0,0,0,0,
61969,17 197868 PLB,00,Plumbing(PS),Stadium,Building Permit Related(PS),1,BLUE JAYS,WAY, ,M5V,5866193,S1036,2017-07-13,2017-08-14,,Permit Issued,Plumbing  - Proposal for interior alterations to the ticketing office on Level 300 Gate 7 in the existing stadium (Rogers Center).,Stadium,Stadium,,,DO NOT UPDATE OR DELETE THIS INFO FIELD,0,0,0,0,0,0,0,0,
64911,13 225597 BLD,00,Building Additions/Alterations,Arena,Multiple Projects,40,BAY,ST, ,M5J,7929257,S1037,2013-08-23,2013-09-30,,Inspection,Proposal for interior alterations to north west and south west areas of the ACC on the ground and second floor for a new path and elevator (87m2). Proposal also includes canopy (21m2),Arena,Arena,0,0,550000,0,0,0,0,0,0,87,0,
66874,24 135183 HVA,00,Mechanical(MS),Arena,Building Permit Related(MS),40,BAY,ST, ,M5J,7929257,S1037,2024-04-11,2024-05-08,,Inspection,"HVAC - Proposed renovations to existing main concourse level including circulation, concessions, retail spaces; L200 Hot Stove Lounge; Event Level north club spaces, circulation, employee Locker Room areas.",Arena,Arena,,,DO NOT UPDATE OR DELETE THIS INFO FIELD,0,0,0,0,0,0,0,0,
67550,23 141326 BLD,00,Building Additions/Alterations,Stadium,Other(BA),1,BLUE JAYS,WAY, ,M5V,5866193,S1036,2023-05-04,2023-06-16,,Permit Issued,Proposal for the Roges Centre Lower Bowl Phase 2 - foundations. ,Stadium,Stadium,0,0,"12,000,000",0,0,0,0,0,0,9560,0,
67857,11 329980 HVA,00,Mechanical(MS),Stadium,Building Permit Related(MS),1,BLUE JAYS,WAY, ,M5V,5866193,S1036,2011-12-22,2012-01-20,,Inspection,HVAC - permit for interior alterations to existing sports box. - 300 level - Box 335,Sports Box,Same,,,DO NOT UPDATE OR DELETE THIS INFO FIELD,0,0,0,0,0,0,0,0,
68249,21 249319 BLD,00,Building Additions/Alterations,Arena,Interior Alterations,40,BAY,ST, ,M5J,7929257,S1037,2021-12-16,2022-02-24,,Inspection,"Proposal  for interior alterations to seating at north side of the baseketball court and add a storage room at mezzanine level - SBA Press Seating, Section 108, Scotia Bank Arena",Arena,Arena,0,0,"150,000",0,0,0,0,0,0,38,0,
69576,21 123701 BLD,00,Building Additions/Alterations,Stadium,Interior Alterations,1,BLUE JAYS,WAY, ,M5V,5866193,S1036,2021-03-05,2021-04-07,,Inspection,Construct interior alterations and fit-out of flex space and batting cages ,Stadium,Stadium,0,0,"1,500,000",0,0,0,0,0,0,1017,0,
69797,24 184675 BLD,00,Building Additions/Alterations,Arena,Interior Alterations,40,BAY,ST, ,M5J,7929257,S1037,2024-07-21,2024-08-15,,Inspection,Proposed alterations to upper and lower level broadcast area at the event level of theScotiabank Arena.,Arena,Arena,0,0,200000,0,0,0,0,0,0,114,0,
70413,07 265383 HVA,00,Mechanical(MS),Stadium,Building Permit Related(MS),1,BLUE JAYS,WAY, ,M5V,5866193,S1036,2007-09-27,2007-10-04,,Permit Issued,HVAC - Interior alteration to the Blue Jays dressing room.,Stadium,Same,,,DO NOT UPDATE OR DELETE THIS INFO FIELD,0,0,0,0,0,0,0,0,
72708,25 124561 HVA,02,Mechanical(MS),Arena,Building Permit Related(MS),40,BAY,ST, ,M5J,7929257,S1037,2025-12-24,2026-01-27,,Revision Issued,"Revision 02:Revisions to kitchen exhaust & related fire suppression in RM 3115 (Concession B/Stand 13), RM 3413A (NW Kitchen),RM 3206A (SE Kitchen), RM 3707A (SW Kitchen), RM 3229 (Concession 3), RM 3437 (Concession G), RM 3131 (Concession H) and RM 3335 (Kitchen)Revision 01:- Removal of certain L200 scope areas (North Lobby 2453, West Lobby 2344, Global Partnership Lounge 2458) from this phase of construction (now indicated as out of scope with gray shading and clouded on L200 Plans)- Coordination with Ice Plant design, including relocation of drains, heaters, emergency eyewash/shower, and emergency alarm beacon in Ice Plant Refrigeration Room, as well as rooftop equipment platform alterations and access stairs- Addition of roof access ladders and fall protection - Indication on Architectural drawings of small louvers previously shown only on HVAC drawings- Modifications to kitchen exhaust routing due to site conditions- Fire alarm devices updated on electrical drawings due to site conditions",Arena,Arena,,,DO NOT UPDATE OR DELETE THIS INFO FIELD,0,0,0,0,0,0,0,0,
72858,25 153821 BLD,00,Building Additions/Alterations,Multiple Unit Building,Other(BA),550,WELLINGTON,ST,W,   ,20054266,S1032,2025-05-05,2025-12-11,,Inspection,provision of operable glass panels and sprinklers at the existing cabanas on the 16th floor rooftop pool area.,Multiple Unit Building,Multiple Unit Building,0,0,100000,0,0,0,0,0,0,0,0,
73361,11 145406 BLD,00,Building Additions/Alterations,Stadium,Interior Alterations,1,BLUE JAYS,WAY, ,M5V,5866193,S1036,2011-03-15,2011-03-28,,Permit Issued,permit for interior alterations to construct new concrete block demising wall in mechanical room located in the South Wesr section of the P2 Level of Rogers Cetnre ,Stadium,Same,0,0,22500,0,0,0,0,0,0,20,0,
73642,17 227901 BLD,00,Building Additions/Alterations,Stadium,Garage Repair/Reconstruction,1,BLUE JAYS,WAY, ,M5V,5866193,S1036,2017-09-05,2017-09-21,,Inspection,"Proposal for localized concrete repair and waterproofing on the suspended podium deck slab around ""Rogers Centre"" Phase 4",Stadium,Stadium,,,800000,0,0,0,0,0,0,0,0,
75541,17 228585 BLD,00,Building Additions/Alterations,Stadium,Garage Repair/Reconstruction,1,BLUE JAYS,WAY, ,M5V,5866193,S1036,2017-09-06,2017-11-23,,Inspection,"Proposal for localized concrete repair and waterproofing on the suspended podium deck slab around ""Rogers Centre"" Phase 8",Stadium,Stadium,,,800000,0,0,0,0,0,0,0,0,
76288,17 244532 PSA,00,Plumbing(PS),Stadium,Piping: Other Buildings,1,BLUE JAYS,WAY, ,M5V,5866193,S1036,2017-10-06,2017-10-25,,Permit Issued,Removal and replacement of existing drain bodies and piping within the Phase 5&6 limit of construction area.New permit application under Parent Permit No.16 252422 PSA 00 PS,Stadium,Same,,,150000,0,0,0,0,0,0,0,0,
76766,18 148988 BLD,01,Building Additions/Alterations,Arena,Interior Alterations,40,BAY,ST, ,M5J,7929257,S1037,2018-07-04,2018-07-18,,Revision Issued,"REVISION - changes to the exterior cladding at Gate 2, including the replacement of an existingrevolving door and minor interior partition and door revisionsProposal for interior alterations on ground floor, mezzanine, and level 2 of existing arena. 'SCOTIA CLUB' in 'AIR CANADA CENTRE'",Arena,Same,0,0,0,0,0,0,0,0,0,0,0,
76935,22 167290 BLD,00,Building Additions/Alterations,Stadium,Interior Alterations,1,BLUE JAYS,WAY, ,M5V,5866193,S1036,2022-06-24,2022-07-12,,Inspection,Proposal for updates to existing foundations of Toronto Blue Jays stadium. ( Phase One of a future project) ,Baseball Stadium,Baseball Stadium,0,0,"100,000,000",0,0,0,0,0,0,0,0,
76983,25 126757 DRN,00,Drain and Site Service,Hostel/Shelter,Building Permit Related (DR),67,ADELAIDE,ST,E,M5C,8313241,S1338,2025-03-10,,,Issuance Pending,"Drain - Proposed alterations - construction of new suspended slab, removal and reconstruction of slab-on-grade & upper roof, installation of new interior partitions & finishes, alterations to existing plumbing, HVAC, and electrical, new exterior EFIS. ",Shelter,Shelter,,,DO NOT UPDATE OR DELETE THIS INFO FIELD,0,0,0,0,0,0,0,0,
77228,24 184675 HVA,00,Mechanical(MS),Arena,Building Permit Related(MS),40,BAY,ST, ,M5J,7929257,S1037,2024-07-21,2024-08-16,,Inspection,HVAC - Proposed alterations to upper and lower level broadcast area at the event level of theScotiabank Arena.,Arena,Arena,,,DO NOT UPDATE OR DELETE THIS INFO FIELD,0,0,0,0,0,0,0,0,
77652,17 234742 PSA,00,Plumbing(PS),Multiple Unit Building, Backflow Prevention Devices (Water only),131,AVENUE,RD, ,M5R,765414,S1128,2017-09-18,2017-10-03,,Inspection,Proposal to install one back flow prevention device.,Mixed-Use Commercial,Same,,,4000,0,0,0,0,0,0,0,0,
78097,23 218467 HVA,02,Mechanical(MS),Stadium,Building Permit Related(MS),1,BLUE JAYS,WAY, ,M5V,5866193,S1036,2024-05-23,2024-06-06,,Revision Issued,"REV HVAC - Revision to building, Plumbing & HVAC permits (23  218467) Interior Renovation of Existing Office for Level 300 and 400 with a total permit gross area of 1732.03 square meters. Changes to the permit include; Paritions changes, RCP & Lighting changes, removal of washrooms in both level 300 & 400.",Stadium With Accessory Office,Stadium With Accessory Office (Vacant),,,DO NOT UPDATE OR DELETE THIS INFO FIELD,0,0,0,0,0,0,0,0,
78210,21 123701 BLD,01,Building Additions/Alterations,Stadium,Interior Alterations,1,BLUE JAYS,WAY, ,M5V,5866193,S1036,2021-05-07,2021-06-15,,Revision Issued,REV 01- changes as per bubbled drawings [Construct interior alterations and fit-out of flex space and batting cages ],Stadium,Stadium,0,0,0,0,0,0,0,0,0,0,0,
78893,26 138329 TPS,00,Temporary Structures,Commercial,Temporary Structures,40,BAY,ST, ,M5J,7929257,S1037,2026-04-02,2026-04-09,,Inspection,"Erect two temporary structures for mlse playoffs, install date April 8th tear down July 2nd, 2026.",Commercial - Parking Lot,Temporary Structure - Sports Playoff,,,,0,0,0,0,0,0,0,0,
79246,22 142407 BLD,00,Building Additions/Alterations,Retail Store,Interior Alterations,355,KING,ST,W,M5V,30028957,S1033,2022-05-04,2022-06-13,,Inspection,"renovate the main floor space for grocery store, and have a new washroom for store empolyee use",Vacant,Retail,0,0,"30,000",0,0,0,0,0,0,113,0,
79253,26 134384 PLB,00,Plumbing(PS),Arena,Building Permit Related(PS),40,BAY,ST, ,M5J,7929257,S1037,2026-03-25,2026-04-27,,Permit Issued,"Plumbing  - Proposed renovation to L100 public galleria; L200 sher club balcony and escalator landing; L600 east suites, corridor, elevator lobby and washrooms",Arena,Arena,,,DO NOT UPDATE OR DELETE THIS INFO FIELD,0,0,0,0,0,0,0,0,
80415,11 218701 PLB,00,Plumbing(PS),Office,Building Permit Related(PS),372,BAY,ST, ,M5H,7929474,S1031,2011-06-14,2011-07-07,,Inspection,"Plumbing  - This is for interior office alterations to the 2nd floor for ""NUMERIC ANSWERS"".FOR PLANS SEE HVAC FILE",Office - 2nd Floor,Office - 2nd Floor,,,DO NOT UPDATE OR DELETE THIS INFO FIELD,0,0,0,0,0,0,0,0,
81495,17 207451 HVA,00,Mechanical(MS),Arena,Building Permit Related(MS),40,BAY,ST, ,M5J,7929257,S1037,2017-07-28,2017-10-23,,Permit Issued,HVAC - Proposal to construct a new vestibule leading to stair 11 at level 200 of the Air Canada Centre. ,Arena,Same,,,DO NOT UPDATE OR DELETE THIS INFO FIELD,0,0,0,0,0,0,0,0,
82620,22 198578 HVA,00,Mechanical(MS),Stadium,Building Permit Related(MS),1,BLUE JAYS,WAY, ,M5V,5866193,S1036,2022-09-01,2022-10-07,,Permit Issued,"HVAC - Phase I - Demolition ROGERS CENTRE LOWER BOWL REPLACEMENT PROJECT, INCLUDING RENOVATION OF EXISTING L000, L100, L200, AND L500 PROGRAMS, REPLACEMENT OF LOWER SEATING BOWL, AND ADDITION OF NEW L000 CLUBHOUSE AND PREMIUM CLUB AMENITIES.",Stadium,Stadium,,,DO NOT UPDATE OR DELETE THIS INFO FIELD,0,0,0,0,0,0,0,0,
84691,17 197872 HVA,00,Mechanical(MS),Office,Building Permit Related(MS),1,BLUE JAYS,WAY, ,M5V,5866193,S1036,2017-07-13,2017-08-10,,Permit Issued,"HVAC - Proposal for interior alterations to the 100 level Mezzanine Gate 7 office in existing stadium - ""Rogers Centre""",Office,Office,,,DO NOT UPDATE OR DELETE THIS INFO FIELD,0,0,0,0,0,0,0,0,
85343,23 141326 HVA,00,Mechanical(MS),Stadium,Building Permit Related(MS),1,BLUE JAYS,WAY, ,M5V,5866193,S1036,2023-05-09,2023-09-08,,Permit Issued,HVAC - Proposal for the Roges Centre Lower Bowl Phase 2 - foundations. ,Stadium,Stadium,,,DO NOT UPDATE OR DELETE THIS INFO FIELD,0,0,0,0,0,0,0,0,
85373,07 112300 HVA,00,Mechanical(MS),Stadium,Building Permit Related(MS),1,BLUE JAYS,WAY, ,M5V,5866193,S1036,2007-02-28,2007-03-06,,Permit Issued,HVAC - Interior alterations to existing retail store at the 100 level,Stadium,Same,,,DO NOT UPDATE OR DELETE THIS INFO FIELD,0,0,0,0,0,0,0,0,
85444,19 195641 HVA,00,Mechanical(MS),Multiple Use/Non Residential,Building Permit Related(MS),1,BLUE JAYS,WAY, ,M5V,5866193,S1036,2019-07-25,2020-06-10,,Permit Issued,HVAC - Proposal for interior alterations to existing office space on Level 3,Office,Same,,,DO NOT UPDATE OR DELETE THIS INFO FIELD,0,0,0,0,0,0,0,0,
88392,17 244530 PSA,00,Plumbing(PS),Stadium,Piping: Other Buildings,1,BLUE JAYS,WAY, ,M5V,5866193,S1036,2017-10-06,2017-10-25,,Permit Issued,Removal and replacement of existing drain bodies and piping within the Phase 4 limit of construction area.New permit application under Parent Permit No.16 252422 PSA 00 PS,Stadium,Same,,,150000,0,0,0,0,0,0,0,0,
88747,23 141360 HVA,00,Mechanical(MS),Stadium,Building Permit Related(MS),1,BLUE JAYS,WAY, ,M5V,5866193,S1036,2023-05-04,2023-06-20,,Permit Issued,"HVAC - Phase 2 - Rogers centre lower Bowl Renovation Project, Phase 2. This application is for the demolition scope of work only.",Stadium,Stadium,,,DO NOT UPDATE OR DELETE THIS INFO FIELD,0,0,0,0,0,0,0,0,
88897,17 197868 HVA,00,Mechanical(MS),Stadium,Building Permit Related(MS),1,BLUE JAYS,WAY, ,M5V,5866193,S1036,2017-07-13,2017-08-10,,Permit Issued,HVAC - Proposal for interior alterations to the ticketing office on Level 300 Gate 7 in the existing stadium (Rogers Center).,Stadium,Stadium,,,DO NOT UPDATE OR DELETE THIS INFO FIELD,0,0,0,0,0,0,0,0,
89501,13 103924 BLD,00,Building Additions/Alterations,Stadium,Interior Alterations,1,BLUE JAYS,WAY, ,M5V,5866193,S1036,2013-01-10,2013-02-12,,Inspection,"Proposal for interior alterations to levels 300 and 400 adjacent to Blue Jays executive offices, between gates 7 and 9 (close to gate 9) to create meeting space.",Stadium,Stadium,0,0,350000,0,0,0,0,0,0,706,0,
90676,24 136550 TPS,00,Temporary Structures,Other,Temporary Structures,40,BAY,ST, ,M5J,7929257,S1037,2024-04-15,2024-04-18,,Permit Issued,Proposal: Coors Mountain Temporary Event Structure for Toronto Maple Leaf. Set up date: April 18th 2024. Dismantle date: June 30th 2024 ,Event Structure,Temporary Stage - Event Structure,,,,0,0,0,0,0,0,0,0,
92793,17 227890 BLD,00,Building Additions/Alterations,Stadium,Garage Repair/Reconstruction,1,BLUE JAYS,WAY, ,M5V,5866193,S1036,2017-09-05,2017-09-11,,Inspection,"Proposal for localized concrete repair and waterproofing on the suspended podium deck slab around ""Rogers Centre"" Phase 5 + 6",Stadium,Stadium,,,800000,0,0,0,0,0,0,0,0,
93433,22 198612 HVA,00,Mechanical(MS),Stadium,Building Permit Related(MS),1,BLUE JAYS,WAY, ,M5V,5866193,S1036,2022-09-01,2022-11-15,,Inspection,"HVAC - Phase 2 -  ROGERS CENTRE LOWER BOWL REPLACEMENT PROJECT, INCLUDING RENOVATION OF EXISTING L000, L100, L200, AND L500 PROGRAMS, REPLACEMENT OF LOWER SEATING BOWL, AND ADDITION OF NEW L000 CLUBHOUSE AND PREMIUM CLUB AMENITIES.",Stadium,Stadium,,,DO NOT UPDATE OR DELETE THIS INFO FIELD,0,0,0,0,0,0,0,0,
93704,24 135183 BLD,00,Building Additions/Alterations,Arena,Interior Alterations,40,BAY,ST, ,M5J,7929257,S1037,2024-04-11,2024-05-06,,Inspection,"Proposed renovations to existing main concourse level including circulation, concessions, retail spaces; L200 Hot Stove Lounge; ,circulation areas, and  employee Locker Room areas. (EXCLUDING Event Level north club spaces,that are subject to Alternative Solution)",Arena,Arena,0,0,50000000,0,0,0,0,0,0,9538,0,
93802,19 117577 HVA,00,Mechanical(MS),Arena,Building Permit Related(MS),40,BAY,ST, ,M5J,7929257,S1037,2019-02-21,2019-03-27,,Permit Issued,HVAC - Proposed interior alterations to edit suite on level 600,Arena,Same,,,DO NOT UPDATE OR DELETE THIS INFO FIELD,0,0,0,0,0,0,0,0,
95400,17 197868 BLD,00,Building Additions/Alterations,Stadium,Interior Alterations,1,BLUE JAYS,WAY, ,M5V,5866193,S1036,2017-07-13,2017-07-20,,Permit Issued,Proposal for interior alterations to the ticketing office on Level 300 Gate 7 in the existing stadium (Rogers Center).,Stadium,Stadium,0,0,50000.00,0,0,0,0,0,0,295,0,
96546,23 192778 BLD,00,Building Additions/Alterations,Stadium,Interior Alterations,1,BLUE JAYS,WAY, ,M5V,5866193,S1036,2023-08-23,2023-10-23,,Inspection,"Scope of Works:Rogers Centre Lower Bowl Renovation Project, Phase 2. This application is for the ""Premium Spaces"" scope of work only, which includes patron lounges, entrances, food service spaces, and washroom amenities located on the 000 field level generally between grids LB10-LB20. Related mechanical & electrical improvements extend back further into the building. -- This represents the last permit application for the Phase 2 project.   ",Stadium,Stadium,0,0,65200000,0,0,0,0,0,0,0,0,
96616,11 296840 BLD,00,Building Additions/Alterations,Office,Interior Demolition,1,BLUE JAYS,WAY, ,M5V,5866193,S1036,2011-10-21,2011-10-27,,Inspection,permit for interior demolition to exising office space - Partial level 300 and 400 - Between Gate 7 and Gate 9.  Rogers Centre.,Office,Same,0,0,DO NOT UPDATE OR DELETE THIS INFO FIELD,0,0,0,0,0,0,0,985,
97118,09 101919 BLD,00,Building Additions/Alterations,Retail Store,Interior Alterations,1,BLUE JAYS,WAY, ,M5V,5866193,S1036,2009-01-12,2009-01-15,,Inspection,Interior alterations to existing retail space - Rogers Plus Store (gate 8 - Level 100,Retail,Same,0,0,12000,0,0,0,0,0,0,10,0,
101071,26 145654 TPS,00,Temporary Structures,Other,Temporary Structures,1,BLUE JAYS,WAY, ,M5V,5866193,S1036,2026-04-17,2026-04-29,,Permit Issued,"Temporary Structures, Commercial, Temporary StructuresTemporary Stage for Dilijit Concert - Load on May 27, 2026 ; Unload June 01, 2026",Stadium,Temporary Structure - Concert,,,,0,0,0,0,0,0,0,0,
101313,23 218467 HVA,00,Mechanical(MS),Stadium,Building Permit Related(MS),1,BLUE JAYS,WAY, ,M5V,5866193,S1036,2023-10-26,2023-11-27,,Inspection,HVAC - Proposed demolition of office space for tenant improvement,Stadium With Office Subsidiary,Stadium With Office Subsidiary,,,DO NOT UPDATE OR DELETE THIS INFO FIELD,0,0,0,0,0,0,0,0,
108686,12 195146 HVA,00,Mechanical(MS),Stadium,Building Permit Related(MS),40,BAY,ST, ,M5J,7929257,S1037,2012-06-18,2012-06-27,,Permit Issued,HVAC - Permit for interior alterations to Leaf locker room - event level - North East Section.,Acc,Same,,,DO NOT UPDATE OR DELETE THIS INFO FIELD,0,0,0,0,0,0,0,0,
110254,25 216967 PLB,00,Plumbing(PS),Arena,Building Permit Related(PS),40,BAY,ST, ,M5J,7929257,S1037,2025-08-27,2025-10-15,,Permit Issued,Plumbing  - Proposed Interior alterations at event level storage and locker areas. ,Group A2 - Arena,Group A2 - Arena,,,DO NOT UPDATE OR DELETE THIS INFO FIELD,0,0,0,0,0,0,0,0,
115045,25 124561 PLB,00,Plumbing(PS),Arena,Building Permit Related(PS),40,BAY,ST, ,M5J,7929257,S1037,2025-03-04,2025-05-01,,Inspection,"Plumbing  - Proposal for ScotiaBank Arena -  renovation to L200 ice plant, lobbies and lounge; L300 Upper Concourse incl. circulation, restrooms, concessions, retail spaces; L400 and L500 suites; extension of Atrium Elevators to L500 and L600 levels incl. new connections.",Arena,Arena,,,DO NOT UPDATE OR DELETE THIS INFO FIELD,0,0,0,0,0,0,0,0,
115903,07 265383 BLD,00,Building Additions/Alterations,Stadium,Interior Alterations,1,BLUE JAYS,WAY, ,M5V,5866193,S1036,2007-09-27,2007-10-02,,Inspection,Interior alteration to the Blue Jays dressing room.,Stadium,Same,0,0,2000000,0,0,0,0,0,0,1543,0,
115958,23 199798 HVA,00,Mechanical(MS),Arena,Building Permit Related(MS),40,BAY,ST, ,M5J,7929257,S1037,2023-09-08,2023-10-27,,Permit Issued,"HVAC - Proposal for garbage chute vestibule alteration at upper concourse level, section 312 Scotiabank Arena",Arena,Arena,,,DO NOT UPDATE OR DELETE THIS INFO FIELD,0,0,0,0,0,0,0,0,
117104,23 141326 PLB,00,Plumbing(PS),Stadium,Building Permit Related(PS),1,BLUE JAYS,WAY, ,M5V,5866193,S1036,2023-05-09,2023-09-07,,Inspection,Plumbing  - Proposal for the Roges Centre Lower Bowl Phase 2 - foundations. ,Stadium,Stadium,,,DO NOT UPDATE OR DELETE THIS INFO FIELD,0,0,0,0,0,0,0,0,
118002,18 261085 BLD,01,Building Additions/Alterations,Arena,Re-Roofing/Re-Cladding,40,BAY,ST, ,M5J,7929257,S1037,2019-12-08,2020-01-06,,Revision Issued,"REV01: Revision to permit 18-261085 BLD as per bubbled area and attached cover letter.Installation of new aluminum rainscreen exterior cladding system over existing exterior cladding system, maintaining existing, including thermal and air barriers and integration of new signage into cladding and curtain wall.",Arena,Arena,,,0,0,0,0,0,0,0,0,0,
118073,23 192778 HVA,01,Mechanical(MS),Stadium,Building Permit Related(MS),1,BLUE JAYS,WAY, ,M5V,5866193,S1036,2024-02-28,2024-03-26,,Revision Issued,"REVISION - adjustments related to the ""Corner Club ""fit-out, sprinklers, and fire/smoke dampersHVAC - Rogers Centre Lower Bowl Renovation Project, Phase 2. This application is for the ""Premium Spaces"" scope of work only, which includes patron lounges, entrances, food service spaces, and washroom amenities located on the 000 field level generally between grids LB10-LB20. Related mechanical & electrical improvements extend back further into the building. This represents the last permit application for the Phase 2 project.",Stadium,Stadium,,,DO NOT UPDATE OR DELETE THIS INFO FIELD,0,0,0,0,0,0,0,0,
119032,25 124561 HVA,01,Mechanical(MS),Arena,Building Permit Related(MS),40,BAY,ST, ,M5J,7929257,S1037,2025-07-30,2025-08-27,,Revision Issued,"Revision:- Removal of certain L200 scope areas (North Lobby 2453, West Lobby 2344, Global Partnership Lounge 2458) from this phase of construction (now indicated as out of scope with gray shading and clouded on L200 Plans)- Coordination with Ice Plant design, including relocation of drains, heaters, emergency eyewash/shower, and emergency alarm beacon in Ice Plant Refrigeration Room, as well as rooftop equipment platform alterations and access stairs- Addition of roof access ladders and fall protection - Indication on Architectural drawings of small louvers previously shown only on HVAC drawings- Modifications to kitchen exhaust routing due to site conditions- Fire alarm devices updated on electrical drawings due to site conditions",Arena,Arena,,,DO NOT UPDATE OR DELETE THIS INFO FIELD,0,0,0,0,0,0,0,0,
120249,17 197872 BLD,00,Building Additions/Alterations,Office,Interior Alterations,1,BLUE JAYS,WAY, ,M5V,5866193,S1036,2017-07-13,2017-07-20,,Permit Issued,"Proposal for interior alterations to the 100 level Mezzanine Gate 7 office in existing stadium - ""Rogers Centre""",Office,Office,0,0,50000,0,0,0,0,0,0,247,0,
122878,16 268019 BLD,00,Building Additions/Alterations,Stadium,Interior Alterations,1,BLUE JAYS,WAY, ,M5V,5866193,S1036,2016-12-16,2017-01-26,,Inspection,"Proposal for interior alterations to the field level umpire change rooms & office in existing stadium - ""Rogers Centre""",Stadium,Stadium,0,0,400000,0,0,0,0,0,0,290,0,
124540,23 192778 HVA,00,Mechanical(MS),Stadium,Building Permit Related(MS),1,BLUE JAYS,WAY, ,M5V,5866193,S1036,2023-08-23,2023-12-05,,Inspection,"HVAC - Rogers Centre Lower Bowl Renovation Project, Phase 2. This application is for the ""Premium Spaces"" scope of work only, which includes patron lounges, entrances, food service spaces, and washroom amenities located on the 000 field level generally between grids LB10-LB20. Related mechanical & electrical improvements extend back further into the building. This represents the last permit application for the Phase 2 project.",Baseball Stadium,Baseball Stadium,,,DO NOT UPDATE OR DELETE THIS INFO FIELD,0,0,0,0,0,0,0,0,
125350,09 105431 MSA,00,Mechanical(MS),Multiple Use/Non Residential,Special Ventilation System,1,BLUE JAYS,WAY, ,M5V,5866193,S1036,2009-01-29,2009-02-04,,Permit Issued,"KITCHEN EXHAUST PERMIT FOR existing food kiosks in Rogers Centre (Units 109, 122, 134) ",Mixed Use Non Residential Building,Same,,,30000,0,0,0,0,0,0,0,0,
125920,17 197866 BLD,00,Building Additions/Alterations,Office,Interior Alterations,1,BLUE JAYS,WAY, ,M5V,5866193,S1036,2017-07-13,2017-07-20,,Permit Issued,"Proposal for interior alterations to the 300 level Marketing and Jays Care office in existing stadium - ""Rogers Centre""",Office,Office,0,0,50000,0,0,0,0,0,0,154,0,
126781,16 262610 BLD,00,Building Additions/Alterations,Stadium,Other(BA),1,BLUE JAYS,WAY, ,M5V,5866193,S1036,2016-12-09,2017-01-13,,Inspection,Proposal for localized concrete repairs for exterior rehabilitation - Rogers Centre,Stadium,Same,0,0,2000,0,0,0,0,0,0,0,0,
130216,24 128111 TPS,00,Temporary Structures,Other,Temporary Structures,40,BAY,ST, ,M5J,7929257,S1037,2024-03-21,2024-04-19,,Permit Issued,"ERECT TWO TEMPORARY STRUCTURES FOR MLSE PLAYOFFS. INSTALL DATE IS APR 9, TEAR DOWN JUL. 3 2024.  PREVIOUS PERMIT 23 125246 TPS 00 TS.",Parking Lot,Temporary Structure,,,,0,0,0,0,0,0,0,0,
131250,14 240963 BLD,00,Building Additions/Alterations,Arena,Interior Alterations,40,BAY,ST, ,M5J,7929257,S1037,2014-10-21,2014-10-27,,Inspection,Proposal to construct a raised platform in the 5th floor mechanical room of the MLSE building for Bell Mobility equipment.,Arena,Same,0,0,"750,000",0,0,0,0,0,0,220.5,0,
132298,25 126757 HVA,00,Mechanical(MS),Hostel/Shelter,Building Permit Related(MS),67,ADELAIDE,ST,E,M5C,8313241,S1338,2025-03-10,,,Issuance Pending,"HVAC - Proposed alterations - construction of new suspended slab, removal and reconstruction of slab-on-grade & upper roof, installation of new interior partitions & finishes, alterations to existing plumbing, HVAC, and electrical, new exterior EFIS. ",Shelter,Shelter,,,DO NOT UPDATE OR DELETE THIS INFO FIELD,0,0,0,0,0,0,0,0,
133530,22 198578 PLB,00,Plumbing(PS),Stadium,Building Permit Related(PS),1,BLUE JAYS,WAY, ,M5V,5866193,S1036,2022-09-01,2022-10-14,,Permit Issued,"Plumbing  - Phase I - Demolition ROGERS CENTRE LOWER BOWL REPLACEMENT PROJECT, INCLUDING RENOVATION OF EXISTING L000, L100, L200, AND L500 PROGRAMS, REPLACEMENT OF LOWER SEATING BOWL, AND ADDITION OF NEW L000 CLUBHOUSE AND PREMIUM CLUB AMENITIES.",Stadium,Stadium,,,DO NOT UPDATE OR DELETE THIS INFO FIELD,0,0,0,0,0,0,0,0,
133947,11 187115 BLD,00,Building Additions/Alterations,Office,Re-Roofing/Re-Cladding,372,BAY,ST, ,M5H,7929474,S1031,2011-05-04,2011-05-31,,Inspection,"Proposal  to repair bricks of exterior walls (north, east, and partial west elevations) and re-caulking window sills, etc.",Office,Same,,,"190,000",0,0,0,0,0,0,0,0,
136639,25 216967 HVA,00,Mechanical(MS),Arena,Building Permit Related(MS),40,BAY,ST, ,M5J,7929257,S1037,2025-08-27,2025-10-15,,Permit Issued,HVAC - Proposed Interior alterations at event level storage and locker areas. ,Group A2 - Arena,Group A2 - Arena,,,DO NOT UPDATE OR DELETE THIS INFO FIELD,0,0,0,0,0,0,0,0,
137827,06 200060 TPS,00,Temporary Structures,Other,Temporary Structures,1,BLUE JAYS,WAY, ,M5V,5866193,S1036,2006-12-29,,,Application On Hold,Temporary structure for auto show 'GM' playing field (Rogers Centre),,,,,,0,0,0,0,0,0,0,0,
139346,09 171130 PSA,00,Plumbing(PS),Motel/Hotel, Backflow Prevention Devices (Water only),1,BLUE JAYS,WAY, ,M5V,5866193,S1036,2009-09-21,2009-10-19,,Permit Issued,Proposal to install one backflow prevention device for Renaissance Hotel which is attached to Rogers Centre.,Hotel,Hotel,,,15000,0,0,0,0,0,0,0,0,
139566,17 197872 PLB,00,Plumbing(PS),Office,Building Permit Related(PS),1,BLUE JAYS,WAY, ,M5V,5866193,S1036,2017-07-13,2017-08-09,,Permit Issued,"Plumbing  - Proposal for interior alterations to the 100 level Mezzanine Gate 7 office in existing stadium - ""Rogers Centre""",Office,Office,,,DO NOT UPDATE OR DELETE THIS INFO FIELD,0,0,0,0,0,0,0,0,
140395,13 103924 PLB,00,Plumbing(PS),Stadium,Building Permit Related(PS),1,BLUE JAYS,WAY, ,M5V,5866193,S1036,2013-01-10,2013-02-12,,Permit Issued,"Plumbing  - Proposal for interior alterations to levels 300 and 400 adjacent to Blue Jays executive offices, between gates 7 and 9 (close to gate 9) to create meeting space ",Stadium,Stadium,,,DO NOT UPDATE OR DELETE THIS INFO FIELD,0,0,0,0,0,0,0,0,
141749,22 198612 PLB,00,Plumbing(PS),Stadium,Building Permit Related(PS),1,BLUE JAYS,WAY, ,M5V,5866193,S1036,2022-09-01,2022-11-15,,Inspection,"Plumbing  - Phase 1 -  ROGERS CENTRE LOWER BOWL REPLACEMENT PROJECT, INCLUDING RENOVATION OF EXISTING L000, L100, L200, AND L500 PROGRAMS, REPLACEMENT OF LOWER SEATING BOWL, AND ADDITION OF NEW L000 CLUBHOUSE AND PREMIUM CLUB AMENITIES.",Stadium,Stadium,,,DO NOT UPDATE OR DELETE THIS INFO FIELD,0,0,0,0,0,0,0,0,
142587,16 253940 BLD,00,Building Additions/Alterations,Restaurant 30 Seats or Less ,Interior Alterations,500,BLOOR,ST,W,M5S,14115433,S1126,2016-11-21,2016-12-05,,Inspection,"Proposal to conduct interior alterations for ""A&W Restaurant""",,Restaurant,0,0,110000.00,0,0,0,0,0,0,302.03,0,
144005,16 253940 HVA,00,Mechanical(MS),Restaurant 30 Seats or Less ,Building Permit Related(MS),500,BLOOR,ST,W,M5S,14115433,S1126,2016-11-21,2016-12-14,,Inspection,"HVAC - Proposal to conduct interior alterations for ""A&W Restaurant""",,Restaurant,,,DO NOT UPDATE OR DELETE THIS INFO FIELD,0,0,0,0,0,0,0,0,
144528,17 197866 HVA,00,Mechanical(MS),Office,Building Permit Related(MS),1,BLUE JAYS,WAY, ,M5V,5866193,S1036,2017-07-13,2017-08-14,,Permit Issued,"HVAC - Proposal for interior alterations to the 300 level Marketing and Jays Care office in existing stadium - ""Rogers Centre""",Office,Office,,,DO NOT UPDATE OR DELETE THIS INFO FIELD,0,0,0,0,0,0,0,0,
146948,25 157930 PLB,00,Plumbing(PS),Multiple Unit Building,Building Permit Related(PS),550,WELLINGTON,ST,W,   ,20054266,S1032,2025-05-12,2025-11-26,,Permit Issued,Plumbing  - Proposal for interior alterations to convert existing residential suites to hotel suites that includes new interior partition walls.,Residential Suites,Hotel Suites,,,DO NOT UPDATE OR DELETE THIS INFO FIELD,0,0,0,0,0,0,0,0,
148866,17 242646 PSA,00,Plumbing(PS),Multiple Unit Building, Backflow Prevention Devices (Water only),138,AVENUE,RD, ,M5R,765421,S1127,2017-10-03,2017-10-30,,Inspection,Installation of a backflow preventor for the multiple use building - ground floor restaurant and residential units above,Commercial/Residential,Commercial/Residential,,,"1,500",0,0,0,0,0,0,0,0,
149300,26 104901 BLD,00,Building Additions/Alterations,Stadium,Interior Alterations,1,BLUE JAYS,WAY, ,M5V,5866193,S1036,2026-01-14,2026-02-12,,Inspection,"Proposed removal of an existing door, installation of custom millwork, close in existing slab opening with new walls and construction of a new enclosed storage room.",Stadium,Stadium,0,0,3000000.00,0,0,0,0,0,0,417.86,0,
150602,11 295905 HVA,00,Mechanical(MS),Office,Building Permit Related(MS),372,BAY,ST, ,M5H,7929474,S1031,2011-10-20,2011-10-31,,Inspection,"HVAC - This is for interior alterations to the 21st and 22nd floors for a new office layout for ""THE BAGG GROUP"". This includes plumbing and HVAC.",Office 21st And 22nd,Office 21st And 22nd,,,DO NOT UPDATE OR DELETE THIS INFO FIELD,0,0,0,0,0,0,0,0,
150767,19 109321 BLD,00,Building Additions/Alterations,Restaurant 30 Seats or Less ,Interior Alterations,500,BLOOR,ST,W,M5S,14115433,S1126,2019-01-28,2019-03-12,,Inspection,"interior alterations to existing restaurant ""Aroma Espresso Bar"" UNIT A, for new tenant.occupant load = 74 patrons by design",Restaurant,Restaurant,0,0,50000,0,0,0,0,0,0,37.28,0,
153615,23 146987 HVA,00,Mechanical(MS),Stadium,Building Permit Related(MS),1,BLUE JAYS,WAY, ,M5V,5866193,S1036,2023-05-17,2023-08-31,,Inspection,"Roger Centre Lower Bowl Renovation Project, Phase 2. Propose to enable baseball",Stadium,Stadium,,,DO NOT UPDATE OR DELETE THIS INFO FIELD,0,0,0,0,0,0,0,0,
153956,18 266521 PSA,00,Plumbing(PS),Medical/Dental Office,Other(PS),250,DUNDAS,ST,W,M5T,796535,S1144,2018-12-10,2019-01-04,,Permit Issued,Install two new hand hygienesinks to procedure rooms,Docters Office,Docters Office,,,"20,000.00",0,0,0,0,0,0,0,0,
156310,22 218749 MSA,00,Mechanical(MS),Retail Store,HVAC: Groups  D & E,355,KING,ST,W,M5V,30028957,S1033,2022-10-18,2023-03-15,,Permit Issued,New HVAC for existing base building units,Retail,Retail,,,400000,0,0,0,0,0,0,0,0,
156666,15 268301 HVA,00,Mechanical(MS),Restaurant 30 Seats or Less ,Building Permit Related(MS),1,BLUE JAYS,WAY, ,M5V,5866193,S1036,2015-12-22,2016-01-20,,Inspection,HVAC - Interior alteration to the ground floor of the existing building for a new STAR BUCKS coffee shop. ,Meeting Room,Coffee Shop,,,DO NOT UPDATE OR DELETE THIS INFO FIELD,0,0,0,0,0,0,0,0,
157286,21 190730 MSA,00,Mechanical(MS),Arena,HVAC: Groups A & B,40,BAY,ST, ,M5J,7929257,S1037,2021-07-28,2021-09-02,,Permit Issued,Plumbing and exhaust for new dishwasher.,Arena,Arena,,,85000,0,0,0,0,0,0,0,0,
158682,22 114421 PLB,00,Plumbing(PS),Multiple Unit Building,Building Permit Related(PS),409,SPADINA,AVE, ,M5T,10513409,S1144,2023-08-21,2023-12-05,,Permit Issued,Plumbing  - Proposal for interior alterations to the 2nd and 3rd floor of an existing 3 storey mixed use building to convert into rooming house.,Multi Use,Multi Use,,,DO NOT UPDATE OR DELETE THIS INFO FIELD,0,0,0,0,0,0,0,0,
158841,25 124561 BLD,00,Building Additions/Alterations,Arena,Multiple Projects,40,BAY,ST, ,M5J,7929257,S1037,2025-03-04,2025-05-01,,Inspection,"Proposal for ScotiaBank Arena -  renovation to L200 ice plant, lobbies and lounge; L300 Upper Concourse incl. circulation, restrooms, concessions, retail spaces; L400 and L500 suites; extension of Atrium Elevators to L500 and L600 levels incl. new connections.",Arena,Arena,0,0,22200000,247,0,0,0,0,0,7153,0,
159431,24 117248 HVA,00,Mechanical(MS),Motel/Hotel,Building Permit Related(MS),1,BLUE JAYS,WAY, ,M5V,5866193,S1036,2024-02-21,2024-03-25,,Inspection,HVAC - Proposal to construct interior alterations of existing guest suites,Hotel,Hotel,,,DO NOT UPDATE OR DELETE THIS INFO FIELD,0,0,0,0,0,0,0,0,
161405,11 114388 PSA,00,Plumbing(PS),Stadium, Backflow Prevention Devices (Water only),1,BLUE JAYS,WAY, ,M5V,5866193,S1036,2011-01-26,2012-03-01,,Permit Issued,"This is for the installation of an 8"" backflow prevention device and subsequent piping to be installed within a mechanical room of the ""ROGERS CENTRE""",Stadium - Rogers Centre,Stadium - Rogers Centre,,,10000,0,0,0,0,0,0,0,0,
162434,20 106970 HVA,00,Mechanical(MS),Stadium,Building Permit Related(MS),1,BLUE JAYS,WAY, ,M5V,5866193,S1036,2020-01-21,2020-02-24,,Inspection,HVAC - Proposal for interior alterations and fit-out washrooms within tenant space. ,Stadium,Stadium,,,DO NOT UPDATE OR DELETE THIS INFO FIELD,0,0,0,0,0,0,0,0,
163509,16 169213 HVA,01,Mechanical(MS),Arena,Building Permit Related(MS),40,BAY,ST, ,M5J,7929257,S1037,2016-08-31,2016-09-28,,Revision Issued,"REV 01: DELETE MEN'S AND FAMILY WASHROOM RENOVATION, REVISE NORTH AND SOUTH LOUNGE STAIR LAYOUT AND CEILING, MINOR MODIFICATIONS TO SEATING LAYOUT AT ALUMNI LOUNGEHVAC - Proposal for interior alterations 3rd level of the existing arena (Air Canada Centre)",Arena,Arena,,,DO NOT UPDATE OR DELETE THIS INFO FIELD,0,0,0,0,0,0,0,0,
163609,17 229921 BLD,00,Building Additions/Alterations,Stadium,Garage Repair/Reconstruction,1,BLUE JAYS,WAY, ,M5V,5866193,S1036,2017-09-08,2017-10-16,,Inspection,"Proposal for localized concrete repair and waterproofing on the suspended podium deck slab around ""Rogers Centre"" Phase 7",Stadium,Stadium,,,800000,0,0,0,0,0,0,0,0,
163744,17 108987 BLD,00,Building Additions/Alterations,Stadium,Garage Repair/Reconstruction,1,BLUE JAYS,WAY, ,M5V,5866193,S1036,2017-01-25,2017-01-30,,Inspection,Localized concrete repairs and waterproofing replacement around portions of existing stadium.  Rogers Centre.,Stadium,Same,,,"500,000",0,0,0,0,0,0,0,0,
164534,16 253940 BLD,01,Building Additions/Alterations,Restaurant 30 Seats or Less ,Interior Alterations,500,BLOOR,ST,W,M5S,14115433,S1126,2017-05-24,2017-06-29,,Revision Issued,"Revision for installation of sructural reinforcement ot existing roof top allow for installation of HVAC unit to serve ""A&W Restaurant"" in base permit. ",,Restaurant,0,0,0,0,0,0,0,0,0,0,0,
164682,25 124561 BLD,01,Building Additions/Alterations,Arena,Multiple Projects,40,BAY,ST, ,M5J,7929257,S1037,2025-07-30,2025-09-18,,Revision Issued,"Revision:- Removal of certain L200 scope areas (North Lobby 2453, West Lobby 2344, Global Partnership Lounge 2458) from this phase of construction (now indicated as out of scope with gray shading and clouded on L200 Plans)- Coordination with Ice Plant design, including relocation of drains, heaters, emergency eyewash/shower, and emergency alarm beacon in Ice Plant Refrigeration Room, as well as rooftop equipment platform alterations and access stairs- Addition of roof access ladders and fall protection - Indication on Architectural drawings of small louvers previously shown only on HVAC drawings- Modifications to kitchen exhaust routing due to site conditions- Fire alarm devices updated on electrical drawings due to site conditions",Arena,Arena,0,0,0,0,0,0,0,0,0,0,0,
166099,09 123772 HVA,00,Mechanical(MS),Arena,Building Permit Related(MS),1,BLUE JAYS,WAY, ,M5V,5866193,S1036,2009-04-06,2009-04-29,,Permit Issued,"HVAC - Interior alterations to existing food kiosks in Rogers Centre on Level 100 (Units 115, 119, 120, 123, 125, & 127).",Arena (Rogers Centre),Same,,,DO NOT UPDATE OR DELETE THIS INFO FIELD,0,0,0,0,0,0,0,0,
169006,12 136606 HVA,00,Mechanical(MS),Stadium,Building Permit Related(MS),1,BLUE JAYS,WAY, ,M5V,5866193,S1036,2012-03-14,2012-04-11,,Permit Issued,"HVAC - Proposal for interior alterations to suite 469, level 4 - Roger's Centre.",Rogers Centre,Same,,,DO NOT UPDATE OR DELETE THIS INFO FIELD,0,0,0,0,0,0,0,0,
170483,16 253940 HVA,01,Mechanical(MS),Restaurant 30 Seats or Less ,Building Permit Related(MS),500,BLOOR,ST,W,M5S,14115433,S1126,2017-07-20,2017-07-31,,Revision Issued,"Revision 01: Revision to permit for additional basement work required after site investigation. new partitions, waterproofing and mould remediation.HVAC - Proposal to conduct interior alterations for ""A&W Restaurant""",,Restaurant,,,DO NOT UPDATE OR DELETE THIS INFO FIELD,0,0,0,0,0,0,0,0,
170813,25 145215 TPS,00,Temporary Structures,Other,Temporary Structures,40,BAY,ST, ,M5J,7929257,S1037,2025-04-15,2025-04-24,,Permit Issued,"Proposal to install temporary container for MolsonCoors Playoffs at the Maple Leaf Square for the duration of the playoffs. April 16,2025 to end of playoffs.",Arena/Parking Lot,Arena/Parking Lot,,,,0,0,0,0,0,0,0,0,
171741,17 244262 PSA,01,Plumbing(PS),Stadium,Piping: Other Buildings,1,BLUE JAYS,WAY, ,M5V,5866193,S1036,2018-10-23,2018-11-29,,Revision Issued,Revision to removal and replacement of exisitn drain bodies and piping.  Phase 8Removal and replacement of existing drain bodies and piping within the Phase 8 limit of construction area.New permit application under Parent Permit No.16 252422 PSA 00 PS,Stadium,Same,,,0,0,0,0,0,0,0,0,0,
171922,22 198612 HVA,01,Mechanical(MS),Stadium,Building Permit Related(MS),1,BLUE JAYS,WAY, ,M5V,5866193,S1036,2023-01-17,2023-03-03,,Revision Issued,"REVISION - define ventless hood equipmentHVAC - Phase 2 -  ROGERS CENTRE LOWER BOWL REPLACEMENT PROJECT, INCLUDING RENOVATION OF EXISTING L000, L100, L200, AND L500 PROGRAMS, REPLACEMENT OF LOWER SEATING BOWL, AND ADDITION OF NEW L000 CLUBHOUSE AND PREMIUM CLUB AMENITIES.",Stadium,Stadium,,,DO NOT UPDATE OR DELETE THIS INFO FIELD,0,0,0,0,0,0,0,0,
174434,07 189633 HVA,00,Mechanical(MS),Arena,Building Permit Related(MS),1,BLUE JAYS,WAY, ,M5V,5866193,S1036,2007-05-03,2007-05-07,,Permit Issued,HVAC - Interior alterations players dressing room (field level).,Rogers Centre,Same,,,DO NOT UPDATE OR DELETE THIS INFO FIELD,0,0,0,0,0,0,0,0,
174759,26 134384 BLD,00,Building Additions/Alterations,Arena,Interior Alterations,40,BAY,ST, ,M5J,7929257,S1037,2026-03-25,2026-04-27,,Permit Issued,"Proposed renovation to L100 public galleria; L200 sher club balcony and escalator landing; L600 east suites, corridor, elevator lobby and washrooms",Arena,Arena,0,0,40000000,0,0,0,0,0,0,2080,0,
175253,17 244534 PSA,00,Plumbing(PS),Stadium,Piping: Other Buildings,1,BLUE JAYS,WAY, ,M5V,5866193,S1036,2017-10-06,2017-10-25,,Permit Issued,Removal and replacement of existing drain bodies and piping within the Phase 7 limit of construction area.New permit application under Parent Permit No.16 252422 PSA 00 PS,Stadium,Same,,,150000,0,0,0,0,0,0,0,0,
177769,16 207489 PSA,00,Plumbing(PS),Arena, Fixtures/Roof Drains: Other ,40,BAY,ST, ,M5J,7929257,S1037,2016-08-16,2016-08-30,,Permit Issued,"REMOVE EXISTING DOUBLE COMPARTMENT  KITCHEN SINK, REPLACE WITH 3 COMPARTMENT SINK",Arena,Arena,,,50000,0,0,0,0,0,0,0,0,
178992,13 126490 HVA,00,Mechanical(MS),Stadium,Building Permit Related(MS),1,BLUE JAYS,WAY, ,M5V,5866193,S1036,2013-02-28,2013-03-28,,Permit Issued,HVAC - Proposal for interior alterations on the 200 level on the north side of the stadium,Stadium,Stadium,,,DO NOT UPDATE OR DELETE THIS INFO FIELD,0,0,0,0,0,0,0,0,
179359,15 253563 HVA,00,Mechanical(MS),Restaurant Greater Than 30 Seats,Building Permit Related(MS),85,FRONT,ST,E,M5E,8344815,S1339,2015-11-18,2016-01-13,,Inspection,"HVAC - Proposed interior alterations to existing restaurant (Spring Rolls) to new restaurant (Paramount Fine Foods) on lower and ground floor, existing exhaust shaft to remain and reuse for new kitchen layout.",Restaurant,Restaurant,,,DO NOT UPDATE OR DELETE THIS INFO FIELD,0,0,0,0,0,0,0,0,
180717,26 134384 HVA,00,Mechanical(MS),Arena,Building Permit Related(MS),40,BAY,ST, ,M5J,7929257,S1037,2026-03-25,2026-04-27,,Permit Issued,"HVAC - Proposed renovation to L100 public galleria; L200 sher club balcony and escalator landing; L600 east suites, corridor, elevator lobby and washrooms",Arena,Arena,,,DO NOT UPDATE OR DELETE THIS INFO FIELD,0,0,0,0,0,0,0,0,
180728,16 253940 BLD,02,Building Additions/Alterations,Restaurant 30 Seats or Less ,Interior Alterations,500,BLOOR,ST,W,M5S,14115433,S1126,2017-07-20,2017-07-28,,Revision Issued,"Revision 02: for addition basement work required after site investigation, new partitions, water proofing and mould remediation.revision 01: for installation of structural reinforcement to existing roof top allow for installation of HVAC unit to serve ""A&W Restaurant"" in base permit. ",,Restaurant,0,0,0,0,0,0,0,0,0,0,0,
181215,18 261085 BLD,00,Building Additions/Alterations,Arena,Re-Roofing/Re-Cladding,40,BAY,ST, ,M5J,7929257,S1037,2018-11-26,2019-03-01,,Permit Issued,"Installation of new aluminum rainscreen exterior cladding system over existing exterior cladding system, maintaining existing, including thermal and air barriers and integration of new signage into cladding and curtain wall.",Arena,Arena,,,4000000,0,0,0,0,0,0,0,0,
181705,16 268019 HVA,00,Mechanical(MS),Stadium,Building Permit Related(MS),1,BLUE JAYS,WAY, ,M5V,5866193,S1036,2016-12-16,2017-01-30,,Permit Issued,"HVAC - Proposal for interior alterations to the field level umpire change rooms & office in existing stadium - ""Rogers Centre""",Stadium,Stadium,,,DO NOT UPDATE OR DELETE THIS INFO FIELD,0,0,0,0,0,0,0,0,
181873,26 134384 DRN,00,Drain and Site Service,Arena,Building Permit Related (DR),40,BAY,ST, ,M5J,7929257,S1037,2026-03-25,2026-04-27,,Permit Issued,"Drain - Proposed renovation to L100 public galleria; L200 sher club balcony and escalator landing; L600 east suites, corridor, elevator lobby and washrooms",Arena,Arena,,,DO NOT UPDATE OR DELETE THIS INFO FIELD,0,0,0,0,0,0,0,0,
183039,07 112300 BLD,00,Building Additions/Alterations,Stadium,Interior Alterations,1,BLUE JAYS,WAY, ,M5V,5866193,S1036,2007-02-28,2007-03-06,,Inspection,Interior alterations to existing retail store at the 100 level,Stadium,Same,0,0,1000000,0,0,0,0,0,0,800,0,
183176,25 126757 BLD,00,Building Additions/Alterations,Hostel/Shelter,Multiple Projects,67,ADELAIDE,ST,E,M5C,8313241,S1338,2025-03-10,,,Issuance Pending,"Proposed alterations - construction of new suspended slab, removal and reconstruction of slab-on-grade & upper roof, installation of new interior partitions & finishes, alterations to existing plumbing, HVAC, and electrical, new exterior EFIS. ",Shelter,Shelter,0,0,15000000,0,0,0,0,0,0,2317,0,
183239,25 126757 PLB,00,Plumbing(PS),Hostel/Shelter,Building Permit Related(PS),67,ADELAIDE,ST,E,M5C,8313241,S1338,2025-03-10,,,Issuance Pending,"Plumbing  - Proposed alterations - construction of new suspended slab, removal and reconstruction of slab-on-grade & upper roof, installation of new interior partitions & finishes, alterations to existing plumbing, HVAC, and electrical, new exterior EFIS. ",Shelter,Shelter,,,DO NOT UPDATE OR DELETE THIS INFO FIELD,0,0,0,0,0,0,0,0,
183377,23 218467 HVA,01,Mechanical(MS),Stadium,Building Permit Related(MS),1,BLUE JAYS,WAY, ,M5V,5866193,S1036,2023-12-11,2024-01-17,,Revision Issued,REVISION 01: Interior Renovation of Existing Office for Level 300 and 400HVAC - Proposed demolition of office space for tenant improvement,Stadium With Accessory Office,Stadium With Accessory Office (Vacant),,,DO NOT UPDATE OR DELETE THIS INFO FIELD,0,0,0,0,0,0,0,0,
184074,20 106970 BLD,00,Building Additions/Alterations,Stadium,Interior Alterations,1,BLUE JAYS,WAY, ,M5V,5866193,S1036,2020-01-21,2020-02-21,,Inspection,Proposal for interior alterations to fit-out washrooms within tenant space at the 200 floor level.,Stadium,Stadium,0,0,80000,0,0,0,0,0,0,200,0,
186349,22 198612 BLD,00,Building Additions/Alterations,Stadium,Interior Alterations,1,BLUE JAYS,WAY, ,M5V,5866193,S1036,2022-09-01,2022-11-15,,Inspection,"Phase 1 -  ROGERS CENTRE LOWER BOWL REPLACEMENT PROJECT, INCLUDING RENOVATION OF EXISTING L000, L100, L200, AND L500 PROGRAMS, REPLACEMENT OF LOWER SEATING BOWL, AND ADDITION OF NEW L000 CLUBHOUSE AND PREMIUM CLUB AMENITIES.",Stadium,Stadium,0,0,"100,000,000",0,0,0,0,0,0,12043,0,
187041,16 194816 HVA,00,Mechanical(MS),Office,Building Permit Related(MS),1,BLUE JAYS,WAY, ,M5V,5866193,S1036,2016-07-21,2016-08-16,,Inspection,"HVAC - Proposal for interior alterations to level 300 - ""Founder's Office Area"" in existing stadium - Rogers Centre.",Office,Office,,,DO NOT UPDATE OR DELETE THIS INFO FIELD,0,0,0,0,0,0,0,0,
187471,16 169213 HVA,00,Mechanical(MS),Arena,Building Permit Related(MS),40,BAY,ST, ,M5J,7929257,S1037,2016-06-07,2016-07-27,,Inspection,HVAC - Proposal for interior alterations 3rd level of the existing arena (Air Canada Centre),Arena,Arena,,,DO NOT UPDATE OR DELETE THIS INFO FIELD,0,0,0,0,0,0,0,0,
187565,07 130553 HVA,00,Mechanical(MS),Stadium,Building Permit Related(MS),1,BLUE JAYS,WAY, ,M5V,5866193,S1036,2007-03-30,2007-04-03,,Permit Issued,HVAC - Interior alterations to Argo's dressing room and Blue Jays weight room,Stadium,Same,,,DO NOT UPDATE OR DELETE THIS INFO FIELD,0,0,0,0,0,0,0,0,
187950,25 124561 FSU,00,Fire/Security Upgrade,Arena,Building Permit Related(FS),40,BAY,ST, ,M5J,7929257,S1037,2025-04-11,,,Application On Hold,"FS - Sprinkler Shop Drawing - Proposal for ScotiaBank Arena -  renovation to L200 ice plant, lobbies and lounge; L300 Upper Concourse incl. circulation, restrooms, concessions, retail spaces; L400 and L500 suites; extension of Atrium Elevators to L500 and L600 levels incl. new connections.",Arena,Arena,,,DO NOT UPDATE OR DELETE THIS INFO FIELD,0,0,0,0,0,0,0,0,
189042,24 135183 BLD,01,Building Additions/Alterations,Arena,Interior Alterations,40,BAY,ST, ,M5J,7929257,S1037,2024-05-31,2024-06-10,,Revision Issued,"REV 01 - Revision to address Tunnel Club Longe areas excluded under original permit (Cross Reference 24 146100 ALT 00 AS)Proposed renovations to existing main concourse level including circulation, concessions, retail spaces; L200 Hot Stove Lounge; ,circulation areas, and  employee Locker Room areas. (EXCLUDING Event Level north club spaces,that are subject to Alternative Solution)",Arena,Arena,0,0,0,0,0,0,0,0,0,0,0,
189800,22 114421 BLD,00,Building Additions/Alterations,Multiple Unit Building,Interior Alterations,409,SPADINA,AVE, ,M5T,10513409,S1144,2022-02-15,2023-12-05,,Inspection,Proposal for interior alterations to the 2nd and 3rd floor of an existing 3 storey mixed use building to convert into rooming house.,Multi Use,Multi Use,0,0,"20,000",0,0,0,0,0,0,149.68,0,
190247,09 105425 BLD,00,Building Additions/Alterations,Multiple Use/Non Residential,Interior Alterations,1,BLUE JAYS,WAY, ,M5V,5866193,S1036,2009-01-29,2009-01-30,,Inspection,"Interior alterations to existing food kiosks in Rogers Centre (Units 109, 122, 134) ",Mixed Use Non Residential Building ,Same,0,0,2500000,0,0,0,0,0,0,958,0,
192346,19 253038 BLD,00,Building Additions/Alterations,Arena,Interior Alterations,40,BAY,ST, ,M5J,7929257,S1037,2019-11-25,2020-01-28,,Inspection,Proposal to replace removable east seating at Event Level.,Arena,Same,0,0,"100,000",0,0,0,0,0,0,210,0,
194056,20 208494 BLD,00,Building Additions/Alterations,Multiple Unit Building,Other(BA),142,PARLIAMENT,ST, ,M5A,8754447,S1335,2020-10-20,2020-10-30,,Permit Issued,Proposal for vehicle impact damage repairs to restore to pre-loss conditions.,Mixed Use,Same,0,0,5000,0,0,0,0,0,0,2,0,
194604,25 126298 BLD,00,Building Additions/Alterations,Multiple Unit Building,Garage Repair/Reconstruction,550,WELLINGTON,ST,W,   ,20054266,S1032,2025-03-07,2025-04-08,,Inspection,Localized concrete and elastomeric waterproofing repairs to the interior suspended concrete slabs at drive aisles and parking stalls,"Group C, D, E (Mixed-Use)","Group C, D, E (Mixed-Use)",,,"50,000",0,0,0,0,0,0,0,0,
195003,11 287986 HVA,00,Mechanical(MS),Stadium,Building Permit Related(MS),1,BLUE JAYS,WAY, ,M5V,5866193,S1036,2011-10-05,2011-11-14,,Inspection,"HVAC - Proposal for interior alterations to private boxes on level 300 in the ""Roger's Centre"".",Stadium,Same,,,DO NOT UPDATE OR DELETE THIS INFO FIELD,0,0,0,0,0,0,0,0,
195811,13 270752 BLD,00,Building Additions/Alterations,Office,Multiple Projects,250,DUNDAS,ST,W,M5T,796535,S1144,2013-11-27,2013-12-11,,Inspection,"Interior alteration to lobby, including  ceiling, relocation of sprinkler heads and finishes in existing office building. ",Office,Office,0,0,200000,0,0,0,0,0,0,24.64,0,
199035,14 252669 FSU,00,Fire/Security Upgrade,Multiple Use/Non Residential,Electromagnetic Locks,40,BAY,ST, ,M5J,7929257,S1037,2014-11-17,2014-12-01,,Inspection,Proposal to install 1 mag lock at bridge to south of building (in connection to 13 174086 DST).,See Bld 13 174086 Dst,See Bld 13 174086 Dst,,,2000,0,0,0,0,0,0,0,0,
199899,25 131566 TPS,00,Temporary Structures,Other,Temporary Structures,40,BAY,ST, ,M5J,7929257,S1037,2025-03-19,2025-04-02,,Inspection,"Proposal to erect 2 temporary structures for MLSE Playoffs from April 9, 2025 to July 3, 2025",Arena/Parking Lot,Arena/Parking Lot,,,,0,0,0,0,0,0,0,0,
200370,18 261085 HVA,00,Mechanical(MS),Arena,Building Permit Related(MS),40,BAY,ST, ,M5J,7929257,S1037,2018-11-26,2019-03-01,,Permit Issued,"HVAC - Installation of new aluminum rainscreen exterior cladding system over existing exterior cladding system, maintaining existing, including thermal and air barriers and integration of new signage into cladding and curtain wall.",Arena,Arena,,,DO NOT UPDATE OR DELETE THIS INFO FIELD,0,0,0,0,0,0,0,0,
202705,17 228585 BLD,01,Building Additions/Alterations,Stadium,Garage Repair/Reconstruction,1,BLUE JAYS,WAY, ,M5V,5866193,S1036,2018-10-09,2018-11-01,,Revision Issued,"Rev01: Increase of scope area of slab repairs & water proofings repairsProposal for stair case enclosure ""Rogers Centre"" Phase 8",Stadium,Stadium,,,0,0,0,0,0,0,0,0,0,
203242,18 148988 BLD,03,Building Additions/Alterations,Arena,Interior Alterations,40,BAY,ST, ,M5J,7929257,S1037,2021-01-25,2021-02-09,,Revision Issued,"REV #3-ADD HOLD OPEN DEVICESProposal for interior alterations on ground floor, mezzanine, and level 2 of existing arena. 'SCOTIA CLUB' in 'AIR CANADA CENTRE'",Arena,Same,0,0,0,0,0,0,0,0,0,0,0,
204714,13 225597 HVA,00,Mechanical(MS),Arena,Building Permit Related(MS),40,BAY,ST, ,M5J,7929257,S1037,2013-08-23,2013-10-02,,Inspection,HVAC - Proposal for interior alterations to north west and south west areas of the ACC on the ground and second floor for a new path and elevator (87m2). Proposal also includes canopy (21m2),Arena,Arena,,,DO NOT UPDATE OR DELETE THIS INFO FIELD,0,0,0,0,0,0,0,0,
205844,17 116775 BLD,00,Building Additions/Alterations,Arena,Interior Alterations,40,BAY,ST, ,M5J,7929257,S1037,2017-02-14,2017-07-27,,Inspection,"Alterations to the event level seating  in area  105, 116 and 122, consiting of 21 permanent seats and 40 removable seats at the Air Canada Centre ",Arena,Arena,0,0,"150,000",0,0,0,0,0,0,39,0,
206856,17 149370 BLD,00,Building Additions/Alterations,Multiple Unit Building,Canopy w/o Enclosure,1,BLUE JAYS,WAY, ,M5V,5866193,S1036,2017-04-26,2017-05-30,,Permit Issued,Proposal to construct exterior canopy over the existing entrance to the hotel.,Hotel,Hotel,,,50000,0,0,0,0,0,0,0,0,
207204,19 195641 PLB,00,Plumbing(PS),Multiple Use/Non Residential,Building Permit Related(PS),1,BLUE JAYS,WAY, ,M5V,5866193,S1036,2019-07-25,2020-06-10,,Permit Issued,Plumbing  - Proposal for interior alterations to existing office space on Level 3,Office,Same,,,DO NOT UPDATE OR DELETE THIS INFO FIELD,0,0,0,0,0,0,0,0,
210024,23 146987 BLD,00,Building Additions/Alterations,Stadium,Interior Alterations,1,BLUE JAYS,WAY, ,M5V,5866193,S1036,2023-05-17,2023-08-02,,Inspection,"Roger Centre Lower Bowl Renovation Project, Phase 2. Propose to enable baseball",Stadium,Stadium,0,0,96000000,0,0,0,0,0,0,0,0,
210767,24 237461 TPS,00,Temporary Structures,Park,Other(TS),40,BAY,ST, ,M5J,7929257,S1037,2024-11-12,2024-11-29,,Permit Issued,ERECT TEMPORARY STRUCTURE (WORKER PLATFORM) FOR TORONTO ARGOS CELEBRATION:  SET-UP 20 NOVEMBER 2024; TEAR DOWN 23 NOVEMBER 2024.  ,Park,Temp Structure,,,,0,0,0,0,0,0,0,0,
212516,16 194816 PLB,00,Plumbing(PS),Office,Building Permit Related(PS),1,BLUE JAYS,WAY, ,M5V,5866193,S1036,2016-07-21,2016-08-16,,Permit Issued,"Plumbing  - Proposal for interior alterations to level 300 - ""Founder's Office Area"" in existing stadium - Rogers Centre.",Office,Office,,,DO NOT UPDATE OR DELETE THIS INFO FIELD,0,0,0,0,0,0,0,0,
213312,15 253563 HVA,01,Mechanical(MS),Restaurant Greater Than 30 Seats,Building Permit Related(MS),85,FRONT,ST,E,M5E,8344815,S1339,2016-04-22,2016-05-17,,Revision Issued,"REV - 01 to the HVAC - layout only,   ",Restaurant,Restaurant,,,DO NOT UPDATE OR DELETE THIS INFO FIELD,0,0,0,0,0,0,0,0,
213515,17 109865 PSA,00,Plumbing(PS),Stadium,Piping: Other Buildings,1,BLUE JAYS,WAY, ,M5V,5866193,S1036,2017-01-27,2017-03-02,,Permit Issued,Removal and replacement of existing drain bodies and piping within PHASE 2 limit of construction area.   New permit in conjunction with phase 1 - 16 252422,Stadium,Stadium,,,"150,000",0,0,0,0,0,0,0,0,
214036,14 170352 BLD,00,Building Additions/Alterations,Multiple Use/Non Residential,Other(BA),1,BLUE JAYS,WAY, ,M5V,5866193,S1036,2014-06-09,2014-06-23,,Permit Issued,"Proposal for 2 new permanent decks (1 - east fountain and 1 - west fountain) adjacent to the ""Rogers Centre"". Located at open plaza at 65 Navy Wharf Crt. Existing fountains to be de-commissioned. This lot is adjacent (west) of 1 Blue Jays Way (Rogers Centre).",Vacant,Decks,0,0,20000.00,0,0,0,0,0,0,0,0,
220062,09 101919 PLB,00,Plumbing(PS),Retail Store,Building Permit Related(PS),1,BLUE JAYS,WAY, ,M5V,5866193,S1036,2009-01-12,2009-06-09,,Permit Issued,Plumbing  - Interior alterations to existing retail space - Rogers Plus Store,Retail,Same,,,DO NOT UPDATE OR DELETE THIS INFO FIELD,0,0,0,0,0,0,0,0,
221526,25 124561 HVA,00,Mechanical(MS),Arena,Building Permit Related(MS),40,BAY,ST, ,M5J,7929257,S1037,2025-03-04,2025-05-01,,Inspection,"HVAC - Proposal for ScotiaBank Arena -  renovation to L200 ice plant, lobbies and lounge; L300 Upper Concourse incl. circulation, restrooms, concessions, retail spaces; L400 and L500 suites; extension of Atrium Elevators to L500 and L600 levels incl. new connections.",Arena,Arena,,,DO NOT UPDATE OR DELETE THIS INFO FIELD,0,0,0,0,0,0,0,0,
221760,14 171288 BLD,00,Building Additions/Alterations,Arena,Interior Alterations,40,BAY,ST, ,M5J,7929257,S1037,2014-06-10,2014-06-16,,Inspection,"Proposal for interior alterations to suites located on the 6th floor - ""600 Loge"" in the Air Canada Centre.",Arena,Arena,0,0,400000.00,0,0,0,0,0,0,240,0,
223424,21 194509 BLD,00,Building Additions/Alterations,Multiple Unit Building,Re-Roofing/Re-Cladding,372,BAY,ST, ,M5H,7929474,S1031,2021-08-06,2021-09-24,,Inspection,"Proposal for masonry (brickwork, tuckpointing) repair to architectural panels. ",Commercial,Commercial,,,1000000,0,0,0,0,0,0,0,0,
223954,06 115299 HVA,00,Mechanical(MS),Stadium,Building Permit Related(MS),1,BLUE JAYS,WAY, ,M5V,5866193,S1036,2006-03-07,2006-03-09,,Permit Issued,"HVAC - Renovation to level 400, suite #476-485.  Rogers Centre. - Interior Alterations",Stadium,Stadium,,,DO NOT UPDATE OR DELETE THIS INFO FIELD,0,0,0,0,0,0,0,0,
225076,23 141360 BLD,00,Building Additions/Alterations,Stadium,Interior Alterations,1,BLUE JAYS,WAY, ,M5V,5866193,S1036,2023-05-04,2023-06-16,,Permit Issued,"Phase 2 - Rogers centre lower Bowl Renovation Project, Phase 2. This application is for the demolition scope of work only.",Stadium,Stadium,0,0,4500000,0,0,0,0,0,0,26940,0,
225212,19 117577 BLD,00,Building Additions/Alterations,Arena,Interior Alterations,40,BAY,ST, ,M5J,7929257,S1037,2019-02-21,2019-03-07,,Inspection,Proposed interior alterations to edit suite on level 600,Arena,Same,0,0,12000,0,0,0,0,0,0,33,0,
227347,22 232350 BLD,00,Building Additions/Alterations,Arena,Interior Alterations,40,BAY,ST, ,M5J,7929257,S1037,2022-11-23,2022-12-29,,Permit Issued,Proposal for interior alterations for the renovation of a new entrance area into the existing Hot Stove Lounge on Level 200 of the Scotiabank Arena.  This existing lounge is adjacent to a lobby area (Galleria Mezzanine).,Sports Place Of Assembly,Sports Place Of Assembly,0,0,"250,000",0,0,0,0,0,0,19.23,0,
